,old,new,nbDiffs_ADD,nbDiffs_DEL,nbDiffs_CHG,nbDiffs,nb_diffParam_ADD,nb_diffParam_DEL,nb_diffParam_CHG,nb_diffParam,nb_notSubst_diffParam,nb_Subst_diffParam,nb_diffSign_ADD,nb_diffSign_DEL,nb_diffSign_CHG,nb_diffSign,nb_notSubst_diffSign,nb_Subst_diffSign,nb_diffIntType_ADD,nb_diffIntType_DEL,nb_diffIntType_CHG,nb_diffIntType,nb_notSubst_diffIntType,nb_Subst_diffIntType,nb_diffInt_ADD,nb_diffInt_DEL,nb_diffInt_CHG,nb_diffInt,nb_notSubst_diffInt,nb_Subst_diffInt,nb_diffCompType_ADD,nb_diffCompType_DEL,nb_diffCompType_CHG,nb_diffCompType,nb_notSubst_diffCompType,nb_Subst_diffCompType,nb_diffCompInst_ADD,nb_diffCompInst_DEL,nb_diffCompInst_CHG,nb_diffCompInst,nb_notSubst_diffCompInst,nb_Subst_diffCompInst,nb_diffCompClass_ADD,nb_diffCompClass_DEL,nb_diffCompClass_CHG,nb_diffCompClass,nb_notSubst_diffCompClass,nb_Subst_diffCompClass,nb_diffAttr_ADD,nb_diffAttr_DEL,nb_diffAttr_CHG,nb_diffAttr,nb_notSubst_diffAttr,nb_Subst_diffAttr,nb_diffCompRole_ADD,nb_diffCompRole_DEL,nb_diffCompRole_CHG,nb_diffCompRole,nb_notSubst_diffCompRole,nb_Subst_diffCompRole,nb_diffAssm_ADD,nb_diffAssm_DEL,nb_diffAssm_CHG,nb_diffAssm,nb_notSubst_diffAssm,nb_Subst_diffAssm,nb_diffConfig_ADD,nb_diffConfig_DEL,nb_diffConfig_CHG,nb_diffConfig,nb_notSubst_diffConfig,nb_Subst_diffConfig,nb_diffSpec_ADD,nb_diffSpec_DEL,nb_diffSpec_CHG,nb_diffSpec,nb_notSubst_diffSpec,nb_Subst_diffSpec,shoulBeSubstitutable,isSubstitutable,actualIncrement,proposedIncrement,isSubjectToErosion,isSubjectToDrift
0,broadleaf-3.0.0-BETA1,broadleaf-3.0.0-BETA2,413,114,276,822,115,8,0,123,115,8,219,26,0,245,137,108,8,3,78,95,13,0,56,33,177,277,30,65,4,1,5,10,1,4,4,2,50,56,2,4,4,1,30,40,3,4,0,0,0,0,0,0,8,2,14,24,2,8,0,0,0,1,1,0,0,0,0,1,1,0,0,0,0,1,1,0,True,False,Increment.BUILD,Increment.MAJOR,False,False
1,broadleaf-3.0.0-BETA2,broadleaf-3.0.0-BETA3,18,285,218,569,2,42,0,44,2,42,4,61,0,65,63,2,0,6,142,164,19,0,6,142,189,369,170,6,1,7,8,16,7,1,0,8,2,10,8,0,1,7,15,36,18,1,0,0,0,0,0,0,2,14,4,20,14,2,0,0,0,1,1,0,0,0,0,1,1,0,0,0,0,1,1,0,True,False,Increment.BUILD,Increment.MAJOR,True,False
2,broadleaf-3.0.0-BETA3,broadleaf-3.0.0-GA,581,810,628,2399,166,264,0,430,166,264,121,224,0,603,317,30,24,20,392,479,62,0,204,232,523,1045,296,177,16,14,32,62,16,14,15,25,18,59,27,13,16,16,51,115,28,14,0,0,0,0,0,0,32,30,4,66,32,30,0,0,0,1,1,0,0,0,0,1,1,0,0,0,0,1,1,0,True,False,Increment.BUILD,Increment.MAJOR,False,False
3,broadleaf-3.0.0-GA,broadleaf-3.0.0-GA-ETS-SPRING-4-M1,174,91,156,610,47,22,0,69,47,22,80,27,0,245,70,37,1,0,32,50,6,0,18,15,91,158,32,17,4,3,7,14,4,3,1,1,8,10,1,1,3,3,38,58,9,2,0,0,0,0,0,0,8,7,12,27,8,7,0,0,0,1,1,0,0,0,0,1,1,0,0,0,0,1,1,0,True,False,Increment.BUILD,Increment.MAJOR,True,False
4,broadleaf-3.0.0-GA-ETS-SPRING-4-M1,broadleaf-3.0.0-GA-ETS-SPRING-4-M2,0,0,0,0,0,0,0,0,0,0,0,0,0,0,0,0,0,0,0,0,0,0,0,0,0,0,0,0,0,0,0,0,0,0,0,0,0,0,0,0,0,0,0,0,0,0,0,0,0,0,0,0,0,0,0,0,0,0,0,0,0,0,0,0,0,0,0,0,0,0,0,0,0,0,0,0,True,True,Increment.BUILD,Increment.BUILD,False,False
5,broadleaf-3.0.0-GA-ETS-SPRING-4-M2,broadleaf-3.0.1-GA,92,394,236,794,23,107,0,130,23,107,27,174,0,214,195,7,0,6,72,99,18,0,15,63,153,273,87,18,3,6,9,19,7,2,1,11,10,23,11,1,3,5,50,69,12,2,0,0,0,0,0,0,7,12,14,34,13,6,0,0,0,1,1,0,0,0,0,1,1,0,0,0,0,1,1,0,True,False,Increment.BUILD,Increment.MAJOR,False,False
6,broadleaf-3.0.1-GA,broadleaf-3.0.2-GA,6,650,159,1097,1,383,0,384,1,383,0,153,0,365,154,0,0,7,69,98,11,0,0,76,114,234,80,4,0,5,5,10,5,0,0,6,20,26,6,0,0,5,14,39,8,0,0,0,0,0,0,0,0,10,6,16,10,0,0,0,0,1,1,0,0,0,0,1,1,0,0,0,0,1,1,0,True,False,Increment.BUILD,Increment.MAJOR,True,False
7,broadleaf-3.0.10-GA,broadleaf-3.0.11-GA,3,116,28,156,2,53,0,55,2,53,1,41,0,42,42,0,0,2,12,16,4,0,0,14,20,38,14,4,0,1,1,2,1,0,0,1,2,3,1,0,0,1,3,6,3,0,0,0,0,0,0,0,0,2,2,4,2,0,0,0,0,1,1,0,0,0,0,1,1,0,0,0,0,1,1,0,True,False,Increment.BUILD,Increment.MAJOR,False,False
8,broadleaf-3.0.11-GA,broadleaf-3.0.12-GA,6,14,0,252,6,11,0,17,6,11,0,3,0,188,9,0,0,0,0,16,3,0,0,0,0,32,6,0,0,0,0,0,0,0,0,0,0,0,0,0,0,0,0,14,3,0,0,0,0,0,0,0,0,0,0,0,0,0,0,0,0,0,0,0,0,0,0,1,1,0,0,0,0,0,0,0,True,False,Increment.BUILD,Increment.MAJOR,True,False
9,broadleaf-3.0.12-GA,broadleaf-3.0.13-GA,0,34,17,54,0,6,0,6,0,6,0,8,0,8,8,0,0,3,12,15,3,0,0,15,15,30,15,0,0,1,1,2,1,0,0,1,0,1,1,0,0,1,1,2,1,0,0,0,0,0,0,0,0,2,0,2,2,0,0,0,0,1,1,0,0,0,0,1,1,0,0,0,0,1,1,0,True,False,Increment.BUILD,Increment.MAJOR,False,False
10,broadleaf-3.0.13-GA,broadleaf-3.0.14-GA,0,1,0,203,0,1,0,1,0,1,0,0,0,164,0,0,0,0,0,13,0,0,0,0,0,26,0,0,0,0,0,0,0,0,0,0,0,0,0,0,0,0,0,11,0,0,0,0,0,0,0,0,0,0,0,0,0,0,0,0,0,0,0,0,0,0,0,1,0,1,0,0,0,0,0,0,True,True,Increment.BUILD,Increment.MINOR,False,True
11,broadleaf-3.0.14-GA,broadleaf-3.0.15-GA,1,1,0,270,1,1,0,2,1,1,0,0,0,212,1,0,0,0,0,19,1,0,0,0,0,38,2,0,0,0,0,0,0,0,0,0,0,0,0,0,0,0,0,17,1,0,0,0,0,0,0,0,0,0,0,0,0,0,0,0,0,0,0,0,0,0,0,1,1,0,0,0,0,0,0,0,True,False,Increment.BUILD,Increment.MAJOR,False,False
12,broadleaf-3.0.15-GA,broadleaf-3.0.16-GA,2,174,76,536,2,32,0,34,2,32,0,65,0,289,67,0,0,6,56,82,8,0,0,62,70,172,66,0,0,3,3,6,3,0,0,3,0,3,3,0,0,3,3,23,5,0,0,0,0,0,0,0,0,6,0,6,6,0,0,0,0,1,1,0,0,0,0,1,1,0,0,0,0,1,1,0,True,False,Increment.BUILD,Increment.MAJOR,False,False
13,broadleaf-3.0.16-GA,broadleaf-3.1.0-ALPHA1,1327,1244,1076,4000,578,485,0,1063,578,485,408,280,0,874,551,145,24,24,562,658,57,0,244,350,898,1587,411,201,13,20,33,70,21,12,23,20,62,130,21,22,13,20,61,126,28,12,0,0,0,0,0,0,26,40,22,93,41,25,0,0,0,1,1,0,0,0,0,1,1,0,0,0,0,1,1,0,True,False,Increment.MINOR,Increment.MAJOR,True,False
14,broadleaf-3.0.2-GA,broadleaf-3.0.3-GA,0,17,0,380,0,15,0,15,0,15,0,2,0,299,2,0,0,0,0,22,0,0,0,0,0,44,0,0,0,0,0,0,0,0,0,0,0,1,0,0,0,0,0,19,0,0,0,0,0,0,0,0,0,0,0,0,0,0,0,0,0,1,0,1,0,0,0,1,0,1,0,0,0,0,0,0,True,False,Increment.BUILD,Increment.MAJOR,False,False
15,broadleaf-3.0.3-GA,broadleaf-3.0.4-GA,1063,69,428,1792,444,23,0,467,444,23,240,28,0,452,247,21,18,1,277,313,19,0,283,13,362,690,32,264,16,1,17,34,1,16,16,1,32,49,1,16,16,1,17,47,1,16,0,0,0,0,0,0,32,2,0,34,2,32,0,0,0,1,1,0,0,0,0,1,1,0,0,0,0,1,1,0,True,False,Increment.BUILD,Increment.MAJOR,False,False
16,broadleaf-3.0.4-GA,broadleaf-3.0.5-GA,1,0,0,572,1,0,0,1,1,0,0,0,0,466,1,0,0,0,0,37,1,0,0,0,0,74,2,0,0,0,0,0,0,0,0,0,0,0,0,0,0,0,0,30,1,0,0,0,0,0,0,0,0,0,0,0,0,0,0,0,0,0,0,0,0,0,0,1,1,0,0,0,0,0,0,0,True,False,Increment.BUILD,Increment.MAJOR,False,True
17,broadleaf-3.0.5-GA,broadleaf-3.0.6-GA,82,35,65,586,24,11,0,35,24,11,13,20,0,321,37,0,4,0,28,68,14,0,29,3,48,152,35,17,2,0,2,7,0,2,2,1,4,11,1,2,2,0,7,40,7,2,0,0,0,0,0,0,4,0,4,11,0,4,0,0,0,1,1,0,0,0,0,1,1,0,0,0,0,1,0,1,True,False,Increment.BUILD,Increment.MAJOR,False,False
18,broadleaf-3.0.6-GA,broadleaf-3.0.7-GA,0,0,0,2,0,0,0,0,0,0,0,0,0,0,0,0,0,0,0,0,0,0,0,0,0,0,0,0,0,0,0,0,0,0,0,0,0,1,0,0,0,0,0,0,0,0,0,0,0,0,0,0,0,0,0,0,0,0,0,0,0,1,0,1,0,0,0,0,0,0,0,0,0,0,0,0,True,True,Increment.BUILD,Increment.MINOR,False,True
19,broadleaf-3.0.7-GA,broadleaf-3.0.8-GA,0,0,0,212,0,0,0,0,0,0,0,0,0,174,0,0,0,0,0,13,0,0,0,0,0,26,0,0,0,0,0,0,0,0,0,0,0,0,0,0,0,0,0,11,0,0,0,0,0,0,0,0,0,0,0,0,0,0,0,0,0,0,0,0,0,0,0,1,0,1,0,0,0,0,0,0,True,True,Increment.BUILD,Increment.MINOR,False,True
20,broadleaf-3.0.8-GA,broadleaf-3.0.9-GA,1,0,0,209,1,0,0,1,1,0,0,0,0,170,1,0,0,0,0,13,1,0,0,0,0,26,2,0,0,0,0,0,0,0,0,0,0,0,0,0,0,0,0,11,1,0,0,0,0,0,0,0,0,0,0,0,0,0,0,0,0,0,0,0,0,0,0,1,1,0,0,0,0,0,0,0,True,False,Increment.BUILD,Increment.MAJOR,False,True
21,broadleaf-3.0.9-GA,broadleaf-3.0.10-GA,0,2,0,262,0,2,0,2,0,2,0,0,0,204,0,0,0,0,0,19,0,0,0,0,0,38,0,0,0,0,0,0,0,0,0,0,0,0,0,0,0,0,0,17,0,0,0,0,0,0,0,0,0,0,0,0,0,0,0,0,0,0,0,0,0,0,0,1,0,1,0,0,0,0,0,0,True,True,Increment.BUILD,Increment.MINOR,False,True
22,broadleaf-3.1.0-ALPHA1,broadleaf-3.1.0-ALPHA2,272,3428,1775,5810,44,1500,0,1544,44,1500,65,852,0,1090,888,32,5,61,754,872,96,0,111,709,1339,2262,730,148,2,41,43,88,41,2,13,88,204,309,97,4,2,41,167,255,59,2,0,0,0,0,0,0,4,82,22,110,82,4,0,0,0,1,1,0,0,0,0,1,1,0,0,0,0,1,1,0,True,False,Increment.BUILD,Increment.MAJOR,False,False
23,broadleaf-3.1.0-ALPHA2,broadleaf-3.1.0-M1,1485,775,870,3823,617,296,0,913,617,296,411,280,0,1169,615,81,21,14,416,528,59,0,313,134,661,1257,201,298,18,7,25,53,8,17,19,16,64,103,16,19,18,7,102,179,26,17,0,0,0,0,0,0,36,14,18,72,15,35,0,0,0,1,1,0,0,0,0,1,1,0,0,0,0,1,1,0,True,False,Increment.BUILD,Increment.MAJOR,True,False
24,broadleaf-3.1.0-GA,broadleaf-3.1.1-GA,31,489,96,1134,15,195,0,210,15,195,16,208,0,619,211,14,0,6,46,95,9,0,0,52,71,209,55,3,0,5,5,10,5,0,0,8,12,20,8,0,0,5,8,47,7,0,0,0,0,0,0,0,0,10,0,10,10,0,0,0,0,1,1,0,0,0,0,1,1,0,0,0,0,1,1,0,True,False,Increment.BUILD,Increment.MAJOR,True,False
25,broadleaf-3.1.0-M1,broadleaf-3.1.0-M2,39,506,146,911,22,125,0,147,22,125,17,231,0,398,243,5,0,14,103,141,19,0,0,117,131,296,127,0,0,6,6,12,6,0,0,9,0,9,9,0,0,6,9,34,9,0,0,0,0,0,0,0,0,12,0,12,12,0,0,0,0,1,1,0,0,0,0,1,1,0,0,0,0,1,1,0,True,False,Increment.BUILD,Increment.MAJOR,True,False
26,broadleaf-3.1.0-M2,broadleaf-3.1.0-M2-1,0,1,0,5,0,0,0,0,0,0,0,1,0,1,1,0,0,0,0,1,1,0,0,0,0,2,2,0,0,0,0,0,0,0,0,0,0,0,0,0,0,0,0,1,1,0,0,0,0,0,0,0,0,0,0,0,0,0,0,0,0,0,0,0,0,0,0,1,1,0,0,0,0,0,0,0,True,False,Increment.BUILD,Increment.MAJOR,True,False
27,broadleaf-3.1.0-M2-1,broadleaf-3.1.0-M2-2,1,52,31,432,1,11,0,12,1,11,0,10,0,287,11,0,0,2,17,43,3,0,0,19,23,90,20,1,0,2,2,4,2,0,0,2,4,6,2,0,0,2,2,24,3,0,0,0,0,0,0,0,0,4,0,4,4,0,0,0,0,1,1,0,0,0,0,1,1,0,0,0,0,1,1,0,True,False,Increment.BUILD,Increment.MAJOR,False,False
28,broadleaf-3.1.0-M2-10,broadleaf-3.1.0-M2-11,0,0,0,0,0,0,0,0,0,0,0,0,0,0,0,0,0,0,0,0,0,0,0,0,0,0,0,0,0,0,0,0,0,0,0,0,0,0,0,0,0,0,0,0,0,0,0,0,0,0,0,0,0,0,0,0,0,0,0,0,0,0,0,0,0,0,0,0,0,0,0,0,0,0,0,0,True,True,Increment.BUILD,Increment.BUILD,False,False
29,broadleaf-3.1.0-M2-11,broadleaf-3.1.0-M2-12,0,0,0,189,0,0,0,0,0,0,0,0,0,151,0,0,0,0,0,13,0,0,0,0,0,26,0,0,0,0,0,0,0,0,0,0,0,0,0,0,0,0,0,11,0,0,0,0,0,0,0,0,0,0,0,0,0,0,0,0,0,0,0,0,0,0,0,1,0,1,0,0,0,0,0,0,True,True,Increment.BUILD,Increment.MINOR,False,True
30,broadleaf-3.1.0-M2-12,broadleaf-3.1.0-M2-13,0,1,0,187,0,1,0,1,0,1,0,0,0,145,0,0,0,0,0,14,0,0,0,0,0,28,0,0,0,0,0,0,0,0,0,0,0,0,0,0,0,0,0,12,0,0,0,0,0,0,0,0,0,0,0,0,0,0,0,0,0,0,0,0,0,0,0,1,0,1,0,0,0,0,0,0,True,True,Increment.BUILD,Increment.MINOR,False,True
31,broadleaf-3.1.0-M2-13,broadleaf-3.1.0-M2-14,0,0,0,0,0,0,0,0,0,0,0,0,0,0,0,0,0,0,0,0,0,0,0,0,0,0,0,0,0,0,0,0,0,0,0,0,0,0,0,0,0,0,0,0,0,0,0,0,0,0,0,0,0,0,0,0,0,0,0,0,0,0,0,0,0,0,0,0,0,0,0,0,0,0,0,0,True,True,Increment.BUILD,Increment.BUILD,False,False
32,broadleaf-3.1.0-M2-14,broadleaf-3.1.0-M2-15,0,14,0,202,0,5,0,5,0,5,0,9,0,151,9,0,0,0,0,16,3,0,0,0,0,32,6,0,0,0,0,0,0,0,0,0,0,0,0,0,0,0,0,13,2,0,0,0,0,0,0,0,0,0,0,0,0,0,0,0,0,0,0,0,0,0,0,1,1,0,0,0,0,0,0,0,True,False,Increment.BUILD,Increment.MAJOR,True,False
33,broadleaf-3.1.0-M2-15,broadleaf-3.1.0-M2-16,3,0,0,334,3,0,0,3,3,0,0,0,0,267,3,0,0,0,0,22,2,0,0,0,0,44,4,0,0,0,0,0,0,0,0,0,0,0,0,0,0,0,0,19,2,0,0,0,0,0,0,0,0,0,0,0,0,0,0,0,0,0,0,0,0,0,0,1,1,0,0,0,0,0,0,0,True,False,Increment.BUILD,Increment.MAJOR,False,True
34,broadleaf-3.1.0-M2-16,broadleaf-3.1.0-GA,1966,785,1937,5264,462,193,0,655,462,193,522,288,0,1217,624,186,34,17,863,971,65,0,684,230,1552,2584,372,570,23,13,36,72,16,20,93,14,204,312,57,50,23,13,133,215,25,20,0,0,0,0,0,0,46,26,12,85,29,43,0,0,0,1,1,0,0,0,0,1,1,0,0,0,0,1,1,0,True,False,Increment.BUILD,Increment.MAJOR,False,False
35,broadleaf-3.1.0-M2-2,broadleaf-3.1.0-M2-3,0,0,0,0,0,0,0,0,0,0,0,0,0,0,0,0,0,0,0,0,0,0,0,0,0,0,0,0,0,0,0,0,0,0,0,0,0,0,0,0,0,0,0,0,0,0,0,0,0,0,0,0,0,0,0,0,0,0,0,0,0,0,0,0,0,0,0,0,0,0,0,0,0,0,0,0,True,True,Increment.BUILD,Increment.BUILD,False,False
36,broadleaf-3.1.0-M2-3,broadleaf-3.1.0-M2-4,0,1,0,182,0,1,0,1,0,1,0,0,0,140,0,0,0,0,0,14,0,0,0,0,0,28,0,0,0,0,0,0,0,0,0,0,0,0,0,0,0,0,0,12,0,0,0,0,0,0,0,0,0,0,0,0,0,0,0,0,0,0,0,0,0,0,0,1,0,1,0,0,0,0,0,0,True,True,Increment.BUILD,Increment.MINOR,False,True
37,broadleaf-3.1.0-M2-4,broadleaf-3.1.0-M2-5,0,1,0,195,0,1,0,1,0,1,0,0,0,153,0,0,0,0,0,14,0,0,0,0,0,28,0,0,0,0,0,0,0,0,0,0,0,0,0,0,0,0,0,12,0,0,0,0,0,0,0,0,0,0,0,0,0,0,0,0,0,0,0,0,0,0,0,1,0,1,0,0,0,0,0,0,True,True,Increment.BUILD,Increment.MINOR,False,True
38,broadleaf-3.1.0-M2-5,broadleaf-3.1.0-M2-6,1,0,0,196,1,0,0,1,1,0,0,0,0,160,1,0,0,0,0,12,1,0,0,0,0,24,2,0,0,0,0,0,0,0,0,0,0,0,0,0,0,0,0,10,1,0,0,0,0,0,0,0,0,0,0,0,0,0,0,0,0,0,0,0,0,0,0,1,1,0,0,0,0,0,0,0,True,False,Increment.BUILD,Increment.MAJOR,False,True
39,broadleaf-3.1.0-M2-6,broadleaf-3.1.0-M2-7,1,1,0,516,1,1,0,2,1,1,0,0,0,413,1,0,0,0,0,36,1,0,0,0,0,72,2,0,0,0,0,0,0,0,0,0,0,0,0,0,0,0,0,28,1,0,0,0,0,0,0,0,0,0,0,0,0,0,0,0,0,0,0,0,0,0,0,1,1,0,0,0,0,0,0,0,True,False,Increment.BUILD,Increment.MAJOR,False,False
40,broadleaf-3.1.0-M2-7,broadleaf-3.1.0-M2-8,0,0,0,0,0,0,0,0,0,0,0,0,0,0,0,0,0,0,0,0,0,0,0,0,0,0,0,0,0,0,0,0,0,0,0,0,0,0,0,0,0,0,0,0,0,0,0,0,0,0,0,0,0,0,0,0,0,0,0,0,0,0,0,0,0,0,0,0,0,0,0,0,0,0,0,0,True,True,Increment.BUILD,Increment.BUILD,False,False
41,broadleaf-3.1.0-M2-8,broadleaf-3.1.0-M2-9,1,34,17,353,1,6,0,7,1,6,0,8,0,246,9,0,0,3,12,36,4,0,0,15,15,72,17,0,0,1,1,2,1,0,0,1,0,1,1,0,0,1,1,20,2,0,0,0,0,0,0,0,0,2,0,2,2,0,0,0,0,1,1,0,0,0,0,1,1,0,0,0,0,1,1,0,True,False,Increment.BUILD,Increment.MAJOR,False,False
42,broadleaf-3.1.0-M2-9,broadleaf-3.1.0-M2-10,27,52,42,302,4,8,0,12,4,8,6,13,0,163,17,2,2,3,30,47,5,0,13,22,37,96,25,11,1,2,3,6,2,1,0,1,0,1,1,0,1,2,2,15,3,1,0,0,0,0,0,0,2,4,0,6,4,2,0,0,0,1,1,0,0,0,0,1,1,0,0,0,0,1,1,0,True,False,Increment.BUILD,Increment.MAJOR,False,False
43,broadleaf-3.1.1-GA,broadleaf-3.1.2-GA,78,93,45,547,27,19,0,46,27,19,36,43,0,332,66,13,2,2,30,61,10,0,10,24,39,127,38,8,1,1,2,4,1,1,1,3,0,4,3,1,1,1,4,27,4,1,0,0,0,0,0,0,2,2,0,4,2,2,0,0,0,1,1,0,0,0,0,1,1,0,0,0,0,1,1,0,True,False,Increment.BUILD,Increment.MAJOR,False,False
44,broadleaf-3.1.10-GA,broadleaf-3.1.11-GA,0,1,0,198,0,1,0,1,0,1,0,0,0,156,0,0,0,0,0,14,0,0,0,0,0,28,0,0,0,0,0,0,0,0,0,0,0,0,0,0,0,0,0,12,0,0,0,0,0,0,0,0,0,0,0,0,0,0,0,0,0,0,0,0,0,0,0,1,0,1,0,0,0,0,0,0,True,True,Increment.BUILD,Increment.MINOR,False,True
45,broadleaf-3.1.11-GA,broadleaf-3.1.12-GA,5,173,76,452,3,31,0,34,3,31,2,65,0,222,68,1,0,6,56,76,7,0,0,62,70,160,64,0,0,3,3,6,3,0,0,3,0,3,3,0,0,3,3,18,4,0,0,0,0,0,0,0,0,6,0,6,6,0,0,0,0,1,1,0,0,0,0,1,1,0,0,0,0,1,1,0,True,False,Increment.BUILD,Increment.MAJOR,False,False
46,broadleaf-3.1.12-GA,broadleaf-3.1.13-GA,3,5,0,895,3,5,0,8,3,5,0,0,0,719,3,0,0,0,0,62,3,0,0,0,0,124,6,0,0,0,0,0,0,0,0,0,0,0,0,0,0,0,0,43,2,0,0,0,0,0,0,0,0,0,0,0,0,0,0,0,0,0,0,0,0,0,0,1,1,0,0,0,0,0,0,0,True,False,Increment.BUILD,Increment.MAJOR,False,False
47,broadleaf-3.1.13-GA,broadleaf-3.1.14-GA,5,6,0,899,5,5,0,10,5,5,0,1,0,719,6,0,0,0,0,62,4,0,0,0,0,124,8,0,0,0,0,0,0,0,0,0,0,0,0,0,0,0,0,45,3,0,0,0,0,0,0,0,0,0,0,0,0,0,0,0,0,0,0,0,0,0,0,1,1,0,0,0,0,0,0,0,True,False,Increment.BUILD,Increment.MAJOR,True,False
48,broadleaf-3.1.14-GA,broadleaf-3.1.15-GA,3,1,0,308,3,1,0,4,3,1,0,0,0,243,3,0,0,0,0,21,3,0,0,0,0,42,6,0,0,0,0,0,0,0,0,0,0,0,0,0,0,0,0,18,3,0,0,0,0,0,0,0,0,0,0,0,0,0,0,0,0,0,0,0,0,0,0,1,1,0,0,0,0,0,0,0,True,False,Increment.BUILD,Increment.MAJOR,False,False
49,broadleaf-3.1.15-GA,broadleaf-3.2.0-M1-1,463,154,306,1729,122,34,0,156,122,34,151,53,0,798,143,70,15,2,178,272,26,0,144,51,256,605,92,121,7,2,9,19,2,7,8,3,14,26,3,8,7,2,21,82,9,7,0,0,0,0,0,0,14,4,6,25,4,14,0,0,0,1,1,0,0,0,0,1,1,0,0,0,0,1,1,0,True,False,Increment.MINOR,Increment.MAJOR,True,False
50,broadleaf-3.1.2-GA,broadleaf-3.1.3-GA,24,212,181,749,3,62,0,65,3,62,1,70,0,315,72,0,0,4,38,71,14,0,0,42,90,190,61,1,0,3,3,6,3,0,0,4,84,89,4,0,0,3,4,30,10,0,0,0,0,0,0,0,0,6,0,6,6,0,0,0,0,1,1,0,0,0,0,1,1,0,0,0,0,1,1,0,True,False,Increment.BUILD,Increment.MAJOR,True,False
51,broadleaf-3.1.3-GA,broadleaf-3.1.4-GA,4,15,0,229,4,12,0,16,4,12,0,3,0,156,7,0,0,0,0,18,2,0,0,0,0,36,4,0,0,0,0,1,0,0,0,0,0,1,0,0,0,0,0,15,2,0,0,0,0,0,0,0,0,0,0,1,0,0,0,0,0,1,0,1,0,0,0,1,1,0,0,0,0,1,0,1,True,False,Increment.BUILD,Increment.MAJOR,True,False
52,broadleaf-3.1.4-GA,broadleaf-3.1.5-GA,0,0,0,0,0,0,0,0,0,0,0,0,0,0,0,0,0,0,0,0,0,0,0,0,0,0,0,0,0,0,0,0,0,0,0,0,0,0,0,0,0,0,0,0,0,0,0,0,0,0,0,0,0,0,0,0,0,0,0,0,0,0,0,0,0,0,0,0,0,0,0,0,0,0,0,0,True,True,Increment.BUILD,Increment.BUILD,False,False
53,broadleaf-3.1.5-GA,broadleaf-3.1.6-GA,2,34,17,474,2,6,0,8,2,6,0,8,0,336,10,0,0,3,12,47,5,0,0,15,15,94,19,0,0,1,1,2,1,0,0,1,0,1,1,0,0,1,1,28,3,0,0,0,0,0,0,0,0,2,0,2,2,0,0,0,0,1,1,0,0,0,0,1,1,0,0,0,0,1,1,0,True,False,Increment.BUILD,Increment.MAJOR,False,False
54,broadleaf-3.1.6-GA,broadleaf-3.1.7-GA,0,5,0,491,0,3,0,3,0,3,0,2,0,376,2,0,0,0,0,40,0,0,0,0,0,80,0,0,0,0,0,0,0,0,0,0,0,0,0,0,0,0,0,31,0,0,0,0,0,0,0,0,0,0,0,0,0,0,0,0,0,0,0,0,0,0,0,1,0,1,0,0,0,0,0,0,True,False,Increment.BUILD,Increment.MAJOR,False,False
55,broadleaf-3.1.7-GA,broadleaf-3.1.8-GA,0,4,0,210,0,0,0,0,0,0,0,4,0,162,4,0,0,0,0,17,4,0,0,0,0,34,8,0,0,0,0,0,0,0,0,0,0,0,0,0,0,0,0,13,2,0,0,0,0,0,0,0,0,0,0,0,0,0,0,0,0,0,0,0,0,0,0,1,1,0,0,0,0,0,0,0,True,False,Increment.BUILD,Increment.MAJOR,False,False
56,broadleaf-3.1.8-GA,broadleaf-3.1.9-GA,1,114,49,680,1,48,0,49,1,48,0,25,0,423,26,0,0,3,24,69,5,0,0,27,37,148,27,4,0,2,2,4,2,0,0,2,4,6,2,0,0,2,4,37,4,0,0,0,0,0,0,0,0,4,2,6,4,0,0,0,0,1,1,0,0,0,0,1,1,0,0,0,0,1,1,0,True,False,Increment.BUILD,Increment.MAJOR,False,False
57,broadleaf-3.1.9-GA,broadleaf-3.1.10-GA,2,43,52,600,1,6,0,7,1,6,1,8,0,391,9,1,0,1,21,65,4,0,0,22,39,147,24,4,0,0,0,0,0,0,0,1,4,5,1,0,0,0,5,37,3,0,0,0,0,0,0,0,0,0,4,4,0,0,0,0,0,1,1,0,0,0,0,1,1,0,0,0,0,1,0,1,True,False,Increment.BUILD,Increment.MAJOR,True,False
58,broadleaf-3.2.0-M1-1,broadleaf-3.2.0-M2,50,1046,537,1943,8,243,0,251,8,243,5,386,0,541,394,3,0,30,288,376,72,0,13,305,426,860,388,21,3,18,21,43,19,2,1,17,18,37,17,1,3,18,54,113,48,2,0,0,0,0,0,0,6,36,18,61,37,5,0,0,0,1,1,0,0,0,0,1,1,0,0,0,0,1,1,0,True,False,Increment.BUILD,Increment.MAJOR,True,False
59,broadleaf-3.2.0-M2,broadleaf-4.0.0-BETA3,79,847,398,2213,19,232,0,251,19,232,33,297,0,934,316,16,2,9,308,403,31,0,22,297,386,877,339,20,1,4,5,10,4,1,1,4,2,10,4,1,1,4,5,116,17,1,0,0,0,0,0,0,2,8,0,11,8,2,0,0,0,1,1,0,0,0,0,1,1,0,0,0,0,1,1,0,True,False,Increment.MINOR,Increment.MAJOR,False,False
60,broadleaf-4.0.0-BETA10,broadleaf-4.0.0-BETA11,3,0,0,724,3,0,0,3,3,0,0,0,0,578,3,0,0,0,0,52,2,0,0,0,0,104,4,0,0,0,0,0,0,0,0,0,0,0,0,0,0,0,0,38,2,0,0,0,0,0,0,0,0,0,0,0,0,0,0,0,0,0,0,0,0,0,0,1,1,0,0,0,0,0,0,0,True,False,Increment.BUILD,Increment.MAJOR,False,True
61,broadleaf-4.0.0-BETA11,broadleaf-4.0.0-BETA12,0,11,0,686,0,5,0,5,0,5,0,6,0,529,6,0,0,0,0,55,3,0,0,0,0,110,6,0,0,0,0,0,0,0,0,0,0,0,0,0,0,0,0,41,3,0,0,0,0,0,0,0,0,0,0,0,0,0,0,0,0,0,0,0,0,0,0,1,1,0,0,0,0,0,0,0,True,False,Increment.BUILD,Increment.MAJOR,False,False
62,broadleaf-4.0.0-BETA12,broadleaf-4.0.0-BETA13,12,1,0,503,3,1,0,4,3,1,9,0,0,365,3,6,0,0,0,48,0,0,0,0,0,96,0,0,0,0,0,0,0,0,0,0,0,0,0,0,0,0,0,37,0,0,0,0,0,0,0,0,0,0,0,0,0,0,0,0,0,0,0,0,0,0,0,1,0,1,0,0,0,0,0,0,True,False,Increment.BUILD,Increment.MAJOR,False,False
63,broadleaf-4.0.0-BETA13,broadleaf-4.0.0-BETA14,4,110,24,623,3,42,0,45,3,42,0,44,0,406,47,0,0,2,18,62,6,0,1,19,22,126,27,1,0,1,1,3,1,0,0,1,0,2,1,0,0,1,1,35,4,0,0,0,0,0,0,0,0,2,0,3,2,0,0,0,0,1,1,0,0,0,0,1,1,0,0,0,0,1,1,0,True,False,Increment.BUILD,Increment.MAJOR,False,False
64,broadleaf-4.0.0-BETA14,broadleaf-4.0.0-BETA15,2,3,0,489,2,3,0,5,2,3,0,0,0,364,2,0,0,0,0,43,2,0,0,0,0,86,4,0,0,0,0,0,0,0,0,0,0,0,0,0,0,0,0,33,1,0,0,0,0,0,0,0,0,0,0,0,0,0,0,0,0,0,0,0,0,0,0,1,1,0,0,0,0,0,0,0,True,False,Increment.BUILD,Increment.MAJOR,False,False
65,broadleaf-4.0.0-BETA15,broadleaf-4.0.0-RC1,30,89,25,876,12,33,0,45,12,33,13,34,0,621,44,6,1,3,17,77,8,0,5,16,22,155,25,4,0,1,1,2,1,0,0,2,0,2,2,0,0,1,2,46,4,0,0,0,0,0,0,0,0,2,0,2,2,0,0,0,0,1,1,0,0,0,0,1,1,0,0,0,0,1,1,0,True,False,Increment.BUILD,Increment.MAJOR,False,False
66,broadleaf-4.0.0-BETA3,broadleaf-4.0.0-BETA4,0,1,0,178,0,1,0,1,0,1,0,0,0,139,0,0,0,0,0,13,0,0,0,0,0,26,0,0,0,0,0,0,0,0,0,0,0,0,0,0,0,0,0,11,0,0,0,0,0,0,0,0,0,0,0,0,0,0,0,0,0,0,0,0,0,0,0,1,0,1,0,0,0,0,0,0,True,True,Increment.BUILD,Increment.MINOR,False,True
67,broadleaf-4.0.0-BETA4,broadleaf-4.0.0-BETA5,2,3,0,687,2,2,0,4,2,2,0,1,0,547,3,0,0,0,0,49,2,0,0,0,0,98,4,0,0,0,0,0,0,0,0,0,0,0,0,0,0,0,0,37,2,0,0,0,0,0,0,0,0,0,0,0,0,0,0,0,0,0,0,0,0,0,0,1,1,0,0,0,0,0,0,0,True,False,Increment.BUILD,Increment.MAJOR,True,False
68,broadleaf-4.0.0-BETA5,broadleaf-4.0.0-BETA6,0,1,0,178,0,1,0,1,0,1,0,0,0,139,0,0,0,0,0,13,0,0,0,0,0,26,0,0,0,0,0,0,0,0,0,0,0,0,0,0,0,0,0,11,0,0,0,0,0,0,0,0,0,0,0,0,0,0,0,0,0,0,0,0,0,0,0,1,0,1,0,0,0,0,0,0,True,True,Increment.BUILD,Increment.MINOR,False,True
69,broadleaf-4.0.0-BETA6,broadleaf-4.0.0-BETA7,0,1,0,714,0,1,0,1,0,1,0,0,0,574,0,0,0,0,0,50,0,0,0,0,0,100,0,0,0,0,0,0,0,0,0,0,0,0,0,0,0,0,0,38,0,0,0,0,0,0,0,0,0,0,0,0,0,0,0,0,0,0,0,0,0,0,0,1,0,1,0,0,0,0,0,0,True,True,Increment.BUILD,Increment.MINOR,False,True
70,broadleaf-4.0.0-BETA7,broadleaf-4.0.0-BETA8,5,393,25,1130,3,186,0,189,3,186,2,186,0,728,189,0,0,1,20,80,7,0,0,21,25,164,33,0,0,0,0,0,0,0,0,0,0,0,0,0,0,0,0,48,6,0,0,0,0,0,0,0,0,0,0,0,0,0,0,0,0,0,0,0,0,0,0,1,1,0,0,0,0,0,0,0,True,False,Increment.BUILD,Increment.MAJOR,True,False
71,broadleaf-4.0.0-BETA8,broadleaf-4.0.0-BETA9,179,65,60,793,104,9,0,113,104,9,63,19,0,424,76,7,0,1,48,98,9,0,12,37,60,207,54,12,0,0,0,0,0,0,0,0,0,0,0,0,0,0,0,48,6,0,0,0,0,0,0,0,0,0,0,0,0,0,0,0,0,0,0,0,0,0,0,1,1,0,0,0,0,0,0,0,True,False,Increment.BUILD,Increment.MAJOR,True,False
72,broadleaf-4.0.0-BETA9,broadleaf-4.0.0-BETA10,0,701,0,1007,0,234,0,234,0,234,0,467,0,618,467,0,0,0,0,52,36,0,0,0,0,104,72,0,0,0,0,0,0,0,0,0,0,0,0,0,0,0,0,50,36,0,0,0,0,0,0,0,0,0,0,0,0,0,0,0,0,0,0,0,0,0,0,1,1,0,0,0,0,0,0,0,True,False,Increment.BUILD,Increment.MAJOR,True,False
73,broadleaf-4.0.0-CLIENT1-1,broadleaf-4.0.0-CLIENT2-1,3,49,30,257,1,10,0,11,1,10,0,13,0,146,14,0,0,1,21,36,4,0,1,21,27,77,27,1,0,1,1,2,1,0,1,1,0,2,1,1,0,1,2,14,3,0,0,0,0,0,0,0,0,2,0,2,2,0,0,0,0,1,1,0,0,0,0,1,1,0,0,0,0,1,1,0,True,False,Increment.BUILD,Increment.MAJOR,True,False
74,broadleaf-4.0.0-CLIENT2-1,broadleaf-4.0.0-CLIENT3-1,50,0,27,327,11,0,0,11,11,0,13,0,0,198,8,6,1,0,20,43,2,0,21,0,25,90,3,20,1,0,1,2,0,1,1,0,0,1,0,1,1,0,1,20,1,1,0,0,0,0,0,0,2,0,0,2,0,2,0,0,0,1,0,1,0,0,0,1,1,0,0,0,0,1,0,1,True,False,Increment.BUILD,Increment.MAJOR,False,True
75,broadleaf-4.0.0-CLIENT3-1,broadleaf-4.0.1-GA,4,60,27,899,4,19,0,23,4,19,0,15,0,643,19,0,0,1,20,87,7,0,0,21,25,178,33,0,0,1,1,2,1,0,0,1,0,1,1,0,0,1,1,47,5,0,0,0,0,0,0,0,0,2,0,2,2,0,0,0,0,1,1,0,0,0,0,1,1,0,0,0,0,1,1,0,True,False,Increment.BUILD,Increment.MAJOR,True,False
76,broadleaf-4.0.0-GA,broadleaf-4.0.0-PATCH1,0,53,27,874,0,14,0,14,0,14,0,13,0,640,13,0,0,1,20,82,3,0,0,21,25,168,25,0,0,1,1,2,1,0,0,1,0,1,1,0,0,1,1,44,2,0,0,0,0,0,0,0,0,2,0,2,2,0,0,0,0,1,1,0,0,0,0,1,1,0,0,0,0,1,1,0,True,False,Increment.BUILD,Increment.MAJOR,True,False
77,broadleaf-4.0.0-PATCH1,broadleaf-4.0.0-PATCHSOLR1,1,2,0,361,1,2,0,3,1,2,0,0,0,289,1,0,0,0,0,24,1,0,0,0,0,48,2,0,0,0,0,0,0,0,0,0,0,0,0,0,0,0,0,20,1,0,0,0,0,0,0,0,0,0,0,0,0,0,0,0,0,0,0,0,0,0,0,1,1,0,0,0,0,0,0,0,True,False,Increment.BUILD,Increment.MAJOR,False,False
78,broadleaf-4.0.0-PATCHSOLR1,broadleaf-4.0.0-CLIENT1-1,53,5,30,924,14,3,0,17,14,3,13,0,0,671,11,6,1,0,21,87,5,0,21,1,27,179,10,20,1,0,1,2,0,1,1,1,0,2,1,1,1,0,2,48,3,1,0,0,0,0,0,0,2,0,0,2,0,2,0,0,0,1,1,0,0,0,0,1,1,0,0,0,0,1,0,1,True,False,Increment.BUILD,Increment.MAJOR,False,False
79,broadleaf-4.0.0-RC1,broadleaf-4.0.0-RC2,3,31,12,227,3,8,0,11,3,8,0,8,0,146,11,0,0,2,8,24,5,0,0,10,10,48,16,0,0,1,1,2,1,0,0,1,0,1,1,0,0,1,1,14,4,0,0,0,0,0,0,0,0,2,0,2,2,0,0,0,0,1,1,0,0,0,0,1,1,0,0,0,0,1,1,0,True,False,Increment.BUILD,Increment.MAJOR,True,False
80,broadleaf-4.0.0-RC2,broadleaf-4.0.0-RC3,9,415,115,1102,4,139,0,143,4,139,1,192,0,626,195,0,0,6,51,100,7,0,2,55,86,233,48,11,0,3,3,6,3,0,2,10,6,19,10,2,0,3,16,54,4,0,0,0,0,0,0,0,0,6,4,11,6,0,0,0,0,1,1,0,0,0,0,1,1,0,0,0,0,1,1,0,True,False,Increment.BUILD,Increment.MAJOR,False,False
81,broadleaf-4.0.0-RC3,broadleaf-4.0.0-RC3.1,1,1,0,258,1,1,0,2,1,1,0,0,0,199,1,0,0,0,0,20,1,0,0,0,0,40,2,0,0,0,0,0,0,0,0,0,0,0,0,0,0,0,0,16,1,0,0,0,0,0,0,0,0,0,0,0,0,0,0,0,0,0,0,0,0,0,0,1,1,0,0,0,0,0,0,0,True,False,Increment.BUILD,Increment.MAJOR,False,False
82,broadleaf-4.0.0-RC3.1,broadleaf-4.0.0-RC4,5,3,0,622,5,3,0,8,5,3,0,0,0,467,5,0,0,0,0,54,4,0,0,0,0,108,8,0,0,0,0,0,0,0,0,0,0,0,0,0,0,0,0,38,3,0,0,0,0,0,0,0,0,0,0,0,0,0,0,0,0,0,0,0,0,0,0,1,1,0,0,0,0,0,0,0,True,False,Increment.BUILD,Increment.MAJOR,False,False
83,broadleaf-4.0.0-RC4,broadleaf-4.0.0-RC5,0,3,0,214,0,2,0,2,0,2,0,1,0,162,1,0,0,0,0,17,0,0,0,0,0,34,0,0,0,0,0,0,0,0,0,0,0,0,0,0,0,0,0,15,0,0,0,0,0,0,0,0,0,0,0,0,0,0,0,0,0,0,0,0,0,0,0,1,0,1,0,0,0,0,0,0,True,False,Increment.BUILD,Increment.MAJOR,True,False
84,broadleaf-4.0.0-RC5,broadleaf-4.0.0-RC5.1,1,0,0,221,1,0,0,1,1,0,0,0,0,170,1,0,0,0,0,17,1,0,0,0,0,34,2,0,0,0,0,0,0,0,0,0,0,0,0,0,0,0,0,15,1,0,0,0,0,0,0,0,0,0,0,0,0,0,0,0,0,0,0,0,0,0,0,1,1,0,0,0,0,0,0,0,True,False,Increment.BUILD,Increment.MAJOR,False,True
85,broadleaf-4.0.0-RC5.1,broadleaf-4.0.0-RC6,1,7,0,794,1,7,0,8,1,7,0,0,0,623,1,0,0,0,0,59,1,0,0,0,0,118,2,0,0,0,0,0,0,0,0,0,0,0,0,0,0,0,0,44,1,0,0,0,0,0,0,0,0,0,0,0,0,0,0,0,0,0,0,0,0,0,0,1,1,0,0,0,0,0,0,0,True,False,Increment.BUILD,Increment.MAJOR,False,False
86,broadleaf-4.0.0-RC6,broadleaf-4.0.0-RC7,7,0,0,780,7,0,0,7,7,0,0,0,0,622,7,0,0,0,0,55,4,0,0,0,0,110,8,0,0,0,0,0,0,0,0,0,0,0,0,0,0,0,0,40,3,0,0,0,0,0,0,0,0,0,0,0,0,0,0,0,0,0,0,0,0,0,0,1,1,0,0,0,0,0,0,0,True,False,Increment.BUILD,Increment.MAJOR,False,True
87,broadleaf-4.0.0-RC7,broadleaf-4.0.0-RC8,0,1,0,216,0,1,0,1,0,1,0,0,0,162,0,0,0,0,0,18,0,0,0,0,0,36,0,0,0,0,0,0,0,0,0,0,0,0,0,0,0,0,0,16,0,0,0,0,0,0,0,0,0,0,0,0,0,0,0,0,0,0,0,0,0,0,0,1,0,1,0,0,0,0,0,0,True,True,Increment.BUILD,Increment.MINOR,False,True
88,broadleaf-4.0.0-RC8,broadleaf-4.0.0-GA,3,3,0,797,3,3,0,6,3,3,0,0,0,641,3,0,0,0,0,55,3,0,0,0,0,110,6,0,0,0,0,0,0,0,0,0,0,0,0,0,0,0,0,39,3,0,0,0,0,0,0,0,0,0,0,0,0,0,0,0,0,0,0,0,0,0,0,1,1,0,0,0,0,0,0,0,True,False,Increment.BUILD,Increment.MAJOR,False,False
89,broadleaf-4.0.1-GA,broadleaf-4.0.1-PATCH1,0,6,0,426,0,3,0,3,0,3,0,3,0,331,3,0,0,0,0,33,0,0,0,0,0,66,0,0,0,0,0,0,0,0,0,0,0,0,0,0,0,0,0,25,0,0,0,0,0,0,0,0,0,0,0,0,0,0,0,0,0,0,0,0,0,0,0,1,0,1,0,0,0,0,0,0,True,False,Increment.BUILD,Increment.MAJOR,True,False
90,broadleaf-4.0.1-PATCH1,broadleaf-4.0.1-PATCH2,0,0,0,145,0,0,0,0,0,0,0,0,0,112,0,0,0,0,0,11,0,0,0,0,0,22,0,0,0,0,0,0,0,0,0,0,0,0,0,0,0,0,0,10,0,0,0,0,0,0,0,0,0,0,0,0,0,0,0,0,0,0,0,0,0,0,0,1,0,1,0,0,0,0,0,0,True,True,Increment.BUILD,Increment.MINOR,False,True
91,broadleaf-4.0.1-PATCH2,broadleaf-4.0.2-GA,2,5,3,571,2,3,0,5,2,3,0,0,0,435,2,0,0,0,1,47,2,0,0,1,2,95,5,0,0,0,0,0,0,0,0,1,0,1,1,0,0,0,1,33,1,0,0,0,0,0,0,0,0,0,0,0,0,0,0,0,0,1,1,0,0,0,0,1,1,0,0,0,0,0,0,0,True,False,Increment.BUILD,Increment.MAJOR,False,False
92,broadleaf-4.0.10-GA,broadleaf-4.0.11-GA,1,5,0,800,1,3,0,4,1,3,0,2,0,622,3,0,0,0,0,64,3,0,0,0,0,128,6,0,0,0,0,0,0,0,0,0,0,1,0,0,0,0,0,43,2,0,0,0,0,0,0,0,0,0,0,0,0,0,0,0,0,1,0,1,0,0,0,1,1,0,0,0,0,0,0,0,True,False,Increment.BUILD,Increment.MAJOR,False,False
93,broadleaf-4.0.11-GA,broadleaf-4.0.12-GA,5,1,0,615,5,1,0,6,5,1,0,0,0,472,5,0,0,0,0,50,3,0,0,0,0,100,6,0,0,0,0,0,0,0,0,0,0,0,0,0,0,0,0,36,2,0,0,0,0,0,0,0,0,0,0,0,0,0,0,0,0,0,0,0,0,0,0,1,1,0,0,0,0,0,0,0,True,False,Increment.BUILD,Increment.MAJOR,False,False
94,broadleaf-4.0.12-GA,broadleaf-4.0.13-GA,1,1,0,223,1,1,0,2,1,1,0,0,0,177,1,0,0,0,0,15,1,0,0,0,0,30,2,0,0,0,0,0,0,0,0,0,0,0,0,0,0,0,0,13,1,0,0,0,0,0,0,0,0,0,0,0,0,0,0,0,0,0,0,0,0,0,0,1,1,0,0,0,0,0,0,0,True,False,Increment.BUILD,Increment.MAJOR,False,False
95,broadleaf-4.0.13-GA,broadleaf-4.0.14-GA,3,5,0,903,3,5,0,8,3,5,0,0,0,706,3,0,0,0,0,69,3,0,0,0,0,138,6,0,0,0,0,0,0,0,0,0,0,1,0,0,0,0,0,48,2,0,0,0,0,0,0,0,0,0,0,0,0,0,0,0,0,1,0,1,0,0,0,1,1,0,0,0,0,0,0,0,True,False,Increment.BUILD,Increment.MAJOR,False,False
96,broadleaf-4.0.14-GA,broadleaf-4.0.15-GA,1,22,5,377,1,11,0,12,1,11,0,6,0,291,7,0,0,1,4,27,2,0,0,5,5,54,7,0,0,0,0,0,0,0,0,0,0,0,0,0,0,0,0,19,1,0,0,0,0,0,0,0,0,0,0,0,0,0,0,0,0,0,0,0,0,0,0,1,1,0,0,0,0,0,0,0,True,False,Increment.BUILD,Increment.MAJOR,True,False
97,broadleaf-4.0.15-GA,broadleaf-4.0.16-GA,4,2,0,850,4,2,0,6,4,2,0,0,0,666,4,0,0,0,0,65,3,0,0,0,0,130,6,0,0,0,0,0,0,0,0,0,0,1,0,0,0,0,0,45,2,0,0,0,0,0,0,0,0,0,0,0,0,0,0,0,0,1,0,1,0,0,0,1,1,0,0,0,0,0,0,0,True,False,Increment.BUILD,Increment.MAJOR,False,False
98,broadleaf-4.0.16-GA,broadleaf-4.0.17-GA,0,2,0,145,0,0,0,0,0,0,0,2,0,96,2,0,0,0,0,17,2,0,0,0,0,34,4,0,0,0,0,0,0,0,0,0,0,0,0,0,0,0,0,14,1,0,0,0,0,0,0,0,0,0,0,0,0,0,0,0,0,0,0,0,0,0,0,1,1,0,0,0,0,0,0,0,True,False,Increment.BUILD,Increment.MAJOR,False,False
99,broadleaf-4.0.17-GA,broadleaf-4.0.18-GA,0,0,0,805,0,0,0,0,0,0,0,0,0,643,0,0,0,0,0,59,0,0,0,0,0,118,0,0,0,0,0,0,0,0,0,0,0,1,0,0,0,0,0,41,0,0,0,0,0,0,0,0,0,0,0,0,0,0,0,0,0,1,0,1,0,0,0,1,0,1,0,0,0,0,0,0,True,True,Increment.BUILD,Increment.MINOR,False,True
100,broadleaf-4.0.18-GA,broadleaf-4.0.19-GA,0,0,0,148,0,0,0,0,0,0,0,0,0,101,0,0,0,0,0,16,0,0,0,0,0,32,0,0,0,0,0,0,0,0,0,0,0,0,0,0,0,0,0,14,0,0,0,0,0,0,0,0,0,0,0,0,0,0,0,0,0,0,0,0,0,0,0,1,0,1,0,0,0,0,0,0,True,True,Increment.BUILD,Increment.MINOR,False,True
101,broadleaf-4.0.19-GA,broadleaf-4.0.20-GA,2,1,0,356,2,1,0,3,2,1,0,0,0,287,2,0,0,0,0,23,2,0,0,0,0,46,4,0,0,0,0,0,0,0,0,0,0,0,0,0,0,0,0,19,2,0,0,0,0,0,0,0,0,0,0,0,0,0,0,0,0,0,0,0,0,0,0,1,1,0,0,0,0,0,0,0,True,False,Increment.BUILD,Increment.MAJOR,False,False
102,broadleaf-4.0.2-GA,broadleaf-4.0.3-GA,0,1,0,192,0,1,0,1,0,1,0,0,0,150,0,0,0,0,0,14,0,0,0,0,0,28,0,0,0,0,0,0,0,0,0,0,0,0,0,0,0,0,0,12,0,0,0,0,0,0,0,0,0,0,0,0,0,0,0,0,0,0,0,0,0,0,0,1,0,1,0,0,0,0,0,0,True,True,Increment.BUILD,Increment.MINOR,False,True
103,broadleaf-4.0.20-GA,broadleaf-4.0.21-PERF1,2,41,0,409,2,21,0,23,2,21,0,20,0,315,22,0,0,0,0,24,2,0,0,0,0,48,4,0,0,0,0,0,0,0,0,0,0,1,0,0,0,0,0,20,2,0,0,0,0,0,0,0,0,0,0,0,0,0,0,0,0,1,0,1,0,0,0,1,1,0,0,0,0,0,0,0,True,False,Increment.BUILD,Increment.MAJOR,False,False
104,broadleaf-4.0.21-GA,broadleaf-4.0.22-PERF1,3,4,0,862,3,4,0,7,3,4,0,0,0,685,3,0,0,0,0,62,2,0,0,0,0,124,4,0,0,0,0,0,0,0,0,0,0,1,0,0,0,0,0,43,2,0,0,0,0,0,0,0,0,0,0,0,0,0,0,0,0,1,0,1,0,0,0,1,1,0,0,0,0,0,0,0,True,False,Increment.BUILD,Increment.MAJOR,False,False
105,broadleaf-4.0.21-PERF1,broadleaf-4.0.21-PERF2,1,3,0,865,1,2,0,3,1,2,0,1,0,686,2,0,0,0,0,64,2,0,0,0,0,128,4,0,0,0,0,0,0,0,0,0,0,1,0,0,0,0,0,45,2,0,0,0,0,0,0,0,0,0,0,0,0,0,0,0,0,1,0,1,0,0,0,1,1,0,0,0,0,0,0,0,True,False,Increment.BUILD,Increment.MAJOR,True,False
106,broadleaf-4.0.21-PERF2,broadleaf-4.0.21-PERF3,0,2,0,342,0,2,0,2,0,2,0,0,0,274,0,0,0,0,0,23,0,0,0,0,0,46,0,0,0,0,0,0,0,0,0,0,0,0,0,0,0,0,0,19,0,0,0,0,0,0,0,0,0,0,0,0,0,0,0,0,0,0,0,0,0,0,0,1,0,1,0,0,0,0,0,0,True,True,Increment.BUILD,Increment.MINOR,False,True
107,broadleaf-4.0.21-PERF3,broadleaf-4.0.21-PERF4,1,0,0,248,1,0,0,1,1,0,0,0,0,195,1,0,0,0,0,18,1,0,0,0,0,36,2,0,0,0,0,0,0,0,0,0,0,0,0,0,0,0,0,15,1,0,0,0,0,0,0,0,0,0,0,0,0,0,0,0,0,0,0,0,0,0,0,1,1,0,0,0,0,0,0,0,True,False,Increment.BUILD,Increment.MAJOR,False,True
108,broadleaf-4.0.21-PERF4,broadleaf-4.0.21-PERF5,3,242,55,1145,3,93,0,96,3,93,0,98,0,771,101,0,0,6,34,102,9,0,0,40,47,211,45,3,0,2,2,4,2,0,0,1,0,3,1,0,0,2,4,49,5,0,0,0,0,0,0,0,0,4,2,6,4,0,0,0,0,1,1,0,0,0,0,1,1,0,0,0,0,1,1,0,True,False,Increment.BUILD,Increment.MAJOR,False,False
109,broadleaf-4.0.21-PERF5,broadleaf-4.0.21-PERF6,1,4,0,327,1,4,0,5,1,4,0,0,0,254,1,0,0,0,0,24,1,0,0,0,0,48,2,0,0,0,0,0,0,0,0,0,0,0,0,0,0,0,0,19,1,0,0,0,0,0,0,0,0,0,0,0,0,0,0,0,0,0,0,0,0,0,0,1,1,0,0,0,0,0,0,0,True,False,Increment.BUILD,Increment.MAJOR,False,False
110,broadleaf-4.0.21-PERF6,broadleaf-4.0.21-PERF7,1,1,0,302,1,1,0,2,1,1,0,0,0,243,1,0,0,0,0,20,1,0,0,0,0,40,2,0,0,0,0,0,0,0,0,0,0,0,0,0,0,0,0,16,1,0,0,0,0,0,0,0,0,0,0,0,0,0,0,0,0,0,0,0,0,0,0,1,1,0,0,0,0,0,0,0,True,False,Increment.BUILD,Increment.MAJOR,False,False
111,broadleaf-4.0.21-PERF7,broadleaf-4.0.21-GA,4,24,0,886,4,10,0,14,4,10,0,14,0,696,18,0,0,0,0,64,4,0,0,0,0,128,8,0,0,0,0,0,0,0,0,0,0,1,0,0,0,0,0,45,3,0,0,0,0,0,0,0,0,0,0,0,0,0,0,0,0,1,0,1,0,0,0,1,1,0,0,0,0,0,0,0,True,False,Increment.BUILD,Increment.MAJOR,False,False
112,broadleaf-4.0.22-GA,broadleaf-4.0.23-GA,2,3,0,905,2,1,0,3,2,1,0,2,0,744,4,0,0,0,0,57,3,0,0,0,0,114,6,0,0,0,0,0,0,0,0,0,0,1,0,0,0,0,0,41,2,0,0,0,0,0,0,0,0,0,0,0,0,0,0,0,0,1,0,1,0,0,0,1,1,0,0,0,0,0,0,0,True,False,Increment.BUILD,Increment.MAJOR,False,False
113,broadleaf-4.0.22-PERF1,broadleaf-4.0.22-PERF2,3,1,0,871,3,1,0,4,3,1,0,0,0,706,3,0,0,0,0,58,3,0,0,0,0,116,6,0,0,0,0,0,0,0,0,0,0,1,0,0,0,0,0,42,2,0,0,0,0,0,0,0,0,0,0,0,0,0,0,0,0,1,0,1,0,0,0,1,1,0,0,0,0,0,0,0,True,False,Increment.BUILD,Increment.MAJOR,False,False
114,broadleaf-4.0.22-PERF2,broadleaf-4.0.22-PERF3,4,5,0,876,4,5,0,9,4,5,0,0,0,698,4,0,0,0,0,61,4,0,0,0,0,122,8,0,0,0,0,0,0,0,0,0,0,1,0,0,0,0,0,44,3,0,0,0,0,0,0,0,0,0,0,0,0,0,0,0,0,1,0,1,0,0,0,1,1,0,0,0,0,0,0,0,True,False,Increment.BUILD,Increment.MAJOR,False,False
115,broadleaf-4.0.22-PERF3,broadleaf-4.0.22-PERF4,5,5,0,363,5,5,0,10,5,5,0,0,0,277,5,0,0,0,0,27,5,0,0,0,0,54,10,0,0,0,0,0,0,0,0,0,0,0,0,0,0,0,0,21,4,0,0,0,0,0,0,0,0,0,0,0,0,0,0,0,0,0,0,0,0,0,0,1,1,0,0,0,0,0,0,0,True,False,Increment.BUILD,Increment.MAJOR,False,False
116,broadleaf-4.0.22-PERF4,broadleaf-4.0.22-PERF5,2,1,0,313,2,1,0,3,2,1,0,0,0,249,2,0,0,0,0,21,2,0,0,0,0,42,4,0,0,0,0,0,0,0,0,0,0,0,0,0,0,0,0,18,2,0,0,0,0,0,0,0,0,0,0,0,0,0,0,0,0,0,0,0,0,0,0,1,1,0,0,0,0,0,0,0,True,False,Increment.BUILD,Increment.MAJOR,False,False
117,broadleaf-4.0.22-PERF5,broadleaf-4.0.22-GA,1,3,0,892,1,3,0,4,1,3,0,0,0,730,1,0,0,0,0,57,1,0,0,0,0,114,2,0,0,0,0,0,0,0,0,0,0,1,0,0,0,0,0,41,1,0,0,0,0,0,0,0,0,0,0,0,0,0,0,0,0,1,0,1,0,0,0,1,1,0,0,0,0,0,0,0,True,False,Increment.BUILD,Increment.MAJOR,False,False
118,broadleaf-4.0.23-GA,broadleaf-4.0.24-GA,3,5,0,889,3,5,0,8,3,5,0,0,0,715,3,0,0,0,0,60,3,0,0,0,0,120,6,0,0,0,0,0,0,0,0,0,0,1,0,0,0,0,0,43,2,0,0,0,0,0,0,0,0,0,0,0,0,0,0,0,0,1,0,1,0,0,0,1,1,0,0,0,0,0,0,0,True,False,Increment.BUILD,Increment.MAJOR,False,False
119,broadleaf-4.0.24-GA,broadleaf-4.0.25-GA,2,0,0,839,2,0,0,2,2,0,0,0,0,665,2,0,0,0,0,63,2,0,0,0,0,126,4,0,0,0,0,0,0,0,0,0,0,1,0,0,0,0,0,43,2,0,0,0,0,0,0,0,0,0,0,0,0,0,0,0,0,1,0,1,0,0,0,1,1,0,0,0,0,0,0,0,True,False,Increment.BUILD,Increment.MAJOR,False,True
120,broadleaf-4.0.25-GA,broadleaf-4.0.26-GA,3,4,0,870,3,4,0,7,3,4,0,0,0,685,3,0,0,0,0,65,3,0,0,0,0,130,6,0,0,0,0,0,0,0,0,0,0,1,0,0,0,0,0,45,2,0,0,0,0,0,0,0,0,0,0,0,0,0,0,0,0,1,0,1,0,0,0,1,1,0,0,0,0,0,0,0,True,False,Increment.BUILD,Increment.MAJOR,False,False
121,broadleaf-4.0.26-GA,broadleaf-4.1.0-GA,460,207,240,1385,163,42,0,205,163,42,175,91,0,589,212,61,9,6,125,194,40,0,82,58,192,444,125,68,4,3,7,14,4,3,13,3,20,39,5,11,4,3,19,62,20,3,0,0,0,0,0,0,8,6,2,17,7,7,0,0,0,1,1,0,0,0,0,1,1,0,0,0,0,1,1,0,True,False,Increment.MINOR,Increment.MAJOR,False,False
122,broadleaf-4.0.3-GA,broadleaf-4.0.4-GA,3,99,30,929,3,45,0,48,3,45,0,24,0,666,27,0,0,2,16,74,7,0,0,18,22,152,28,0,0,2,2,4,2,0,0,2,4,6,2,0,0,2,2,44,6,0,0,0,0,0,0,0,0,4,0,4,4,0,0,0,0,1,1,0,0,0,0,1,1,0,0,0,0,1,1,0,True,False,Increment.BUILD,Increment.MAJOR,False,False
123,broadleaf-4.0.4-GA,broadleaf-4.0.5-BETA1,5,338,97,643,3,142,0,145,3,142,2,106,0,256,109,0,0,5,67,89,6,0,0,72,87,193,73,1,0,3,3,6,3,0,0,5,2,7,5,0,0,3,5,26,4,0,0,0,0,0,0,0,0,6,0,6,6,0,0,0,0,1,1,0,0,0,0,1,1,0,0,0,0,1,1,0,True,False,Increment.BUILD,Increment.MAJOR,False,False
124,broadleaf-4.0.5-BETA1,broadleaf-4.0.5-GA,1,81,71,982,1,14,0,15,1,14,0,12,0,658,13,0,0,2,35,104,7,0,0,37,55,226,46,1,0,2,2,4,2,0,0,6,8,14,6,0,0,2,6,54,5,0,0,0,0,0,0,0,0,4,0,4,4,0,0,0,0,1,1,0,0,0,0,1,1,0,0,0,0,1,1,0,True,False,Increment.BUILD,Increment.MAJOR,False,False
125,broadleaf-4.0.5-GA,broadleaf-4.0.6-GA,6,546,327,1707,2,210,0,212,2,210,0,86,0,710,88,0,0,5,218,281,7,0,2,221,297,635,224,3,0,3,3,6,3,0,1,10,14,26,10,1,0,3,13,101,4,0,0,0,0,0,0,0,0,6,0,6,6,0,0,0,0,1,1,0,0,0,0,1,1,0,0,0,0,1,1,0,True,False,Increment.BUILD,Increment.MAJOR,False,False
126,broadleaf-4.0.6-GA,broadleaf-4.0.7-GA,16,143,84,1098,2,28,0,30,2,28,0,47,0,720,49,0,0,4,58,129,6,0,10,52,74,267,59,10,1,3,4,9,4,0,0,3,2,8,3,0,1,3,4,51,7,0,0,0,0,0,0,0,2,6,0,9,7,1,0,0,0,1,1,0,0,0,0,1,1,0,0,0,0,1,1,0,True,False,Increment.BUILD,Increment.MAJOR,True,False
127,broadleaf-4.0.7-GA,broadleaf-4.0.8-GA,1,3,0,802,1,3,0,4,1,3,0,0,0,642,1,0,0,0,0,56,1,0,0,0,0,112,2,0,0,0,0,0,0,0,0,0,0,1,0,0,0,0,0,41,1,0,0,0,0,0,0,0,0,0,0,0,0,0,0,0,0,1,0,1,0,0,0,1,1,0,0,0,0,0,0,0,True,False,Increment.BUILD,Increment.MAJOR,False,False
128,broadleaf-4.0.8-GA,broadleaf-4.0.9-GA,15,84,52,1040,4,35,0,39,4,35,0,15,0,695,19,0,0,1,26,92,5,0,6,21,38,189,31,6,1,2,3,14,2,1,0,2,8,21,2,0,1,2,3,53,6,1,0,0,0,0,0,0,2,4,0,14,4,2,0,0,0,1,1,0,0,0,0,1,1,0,0,0,0,1,1,0,True,False,Increment.BUILD,Increment.MAJOR,False,False
129,broadleaf-4.0.9-GA,broadleaf-4.0.10-GA,3,46,44,945,3,11,0,14,3,11,0,5,0,674,8,0,0,2,17,85,5,0,0,19,33,183,24,1,0,1,1,3,1,0,0,4,4,10,4,0,0,1,6,52,3,0,0,0,0,0,0,0,0,2,0,3,2,0,0,0,0,1,1,0,0,0,0,1,1,0,0,0,0,1,1,0,True,False,Increment.BUILD,Increment.MAJOR,True,False
130,broadleaf-4.1.0-GA,broadleaf-4.1.1-GA,1,2,0,846,1,2,0,3,1,2,0,0,0,683,1,0,0,0,0,58,1,0,0,0,0,116,2,0,0,0,0,0,0,0,0,0,0,1,0,0,0,0,0,41,1,0,0,0,0,0,0,0,0,0,0,0,0,0,0,0,0,1,0,1,0,0,0,1,1,0,0,0,0,0,0,0,True,False,Increment.BUILD,Increment.MAJOR,False,False
131,broadleaf-4.1.1-GA,broadleaf-4.1.2-GA,3,2,0,356,3,2,0,5,3,2,0,0,0,281,3,0,0,0,0,24,3,0,0,0,0,48,6,0,0,0,0,0,0,0,0,0,0,0,0,0,0,0,0,21,3,0,0,0,0,0,0,0,0,0,0,0,0,0,0,0,0,0,0,0,0,0,0,1,1,0,0,0,0,0,0,0,True,False,Increment.BUILD,Increment.MAJOR,False,False
132,broadleaf-4.1.2-GA,broadleaf-4.1.3-GA,3,25,5,867,3,14,0,17,3,14,0,6,0,674,9,0,0,1,4,65,3,0,0,5,5,130,9,0,0,0,0,0,0,0,0,0,0,1,0,0,0,0,0,43,2,0,0,0,0,0,0,0,0,0,0,0,0,0,0,0,0,1,0,1,0,0,0,1,1,0,0,0,0,0,0,0,True,False,Increment.BUILD,Increment.MAJOR,True,False
133,broadleaf-4.1.3-GA,broadleaf-4.1.4-GA,2,23,0,856,2,16,0,18,2,16,0,7,0,669,9,0,0,0,0,62,4,0,0,0,0,124,8,0,0,0,0,0,0,0,0,0,0,1,0,0,0,0,0,42,2,0,0,0,0,0,0,0,0,0,0,0,0,0,0,0,0,1,0,1,0,0,0,1,1,0,0,0,0,0,0,0,True,False,Increment.BUILD,Increment.MAJOR,True,False
134,broadleaf-4.1.4-GA,broadleaf-4.1.5-GA,2,2,0,808,2,2,0,4,2,2,0,0,0,634,2,0,0,0,0,62,1,0,0,0,0,124,2,0,0,0,0,0,0,0,0,0,0,1,0,0,0,0,0,43,1,0,0,0,0,0,0,0,0,0,0,0,0,0,0,0,0,1,0,1,0,0,0,1,1,0,0,0,0,0,0,0,True,False,Increment.BUILD,Increment.MAJOR,False,False
135,broadleaf-4.1.5-GA,broadleaf-5.0.0-M1,213,607,404,2311,81,216,0,297,81,216,64,136,0,902,185,22,3,23,229,366,25,0,46,209,340,831,229,46,3,4,7,23,4,3,6,18,32,73,18,6,3,4,25,130,17,3,0,0,0,0,0,0,6,8,0,28,8,6,0,0,0,1,1,0,0,0,0,1,1,0,0,0,0,1,1,0,True,False,Increment.MINOR,Increment.MAJOR,False,False
136,broadleaf-5.0.0-GA,broadleaf-5.0.1-GA,2,0,0,848,2,0,0,2,2,0,0,0,0,685,2,0,0,0,0,58,2,0,0,0,0,116,4,0,0,0,0,0,0,0,0,0,0,1,0,0,0,0,0,42,1,0,0,0,0,0,0,0,0,0,0,0,0,0,0,0,0,1,0,1,0,0,0,1,1,0,0,0,0,0,0,0,True,False,Increment.BUILD,Increment.MAJOR,False,True
137,broadleaf-5.0.0-M1,broadleaf-5.0.0-M3,1,8,5,361,1,3,0,4,1,3,0,0,0,286,1,0,0,1,4,26,1,0,0,5,5,52,6,0,0,0,0,0,0,0,0,0,0,0,0,0,0,0,0,18,1,0,0,0,0,0,0,0,0,0,0,0,0,0,0,0,0,0,0,0,0,0,0,1,1,0,0,0,0,0,0,0,True,False,Increment.BUILD,Increment.MAJOR,False,False
138,broadleaf-5.0.0-M3,broadleaf-5.0.0-M4,45,158,98,762,16,60,0,76,16,60,8,43,0,349,56,0,0,2,46,95,18,0,13,35,75,214,69,13,1,3,4,16,3,1,2,4,12,28,4,2,1,3,7,46,14,1,0,0,0,0,0,0,2,6,0,16,6,2,0,0,0,1,1,0,0,0,0,1,1,0,0,0,0,1,1,0,True,False,Increment.BUILD,Increment.MAJOR,False,False
139,broadleaf-5.0.0-M4,broadleaf-5.0.0-RC1,8,22,24,402,3,7,0,10,3,7,1,3,0,285,6,0,0,1,13,36,2,0,4,10,21,79,13,4,0,0,0,0,0,0,0,1,2,3,1,0,0,0,1,22,2,0,0,0,0,0,0,0,0,0,0,0,0,0,0,0,0,1,1,0,0,0,0,1,1,0,0,0,0,0,0,0,True,False,Increment.BUILD,Increment.MAJOR,True,False
140,broadleaf-5.0.0-RC1,broadleaf-5.0.0-RC2,142,28,138,683,22,13,0,35,22,13,31,9,0,350,29,13,4,0,55,81,4,0,57,2,101,204,9,51,3,0,3,6,0,3,12,2,20,34,4,10,3,0,14,35,1,3,0,0,0,0,0,0,6,0,0,6,0,6,0,0,0,1,1,0,0,0,0,1,1,0,0,0,0,1,0,1,True,False,Increment.BUILD,Increment.MAJOR,True,False
141,broadleaf-5.0.0-RC2,broadleaf-5.0.0-GA,104,114,60,1140,36,25,0,61,36,25,68,34,0,786,70,35,0,4,37,105,7,0,0,41,51,220,47,1,0,2,2,4,2,0,0,5,2,8,5,0,0,2,5,53,5,0,0,0,0,0,0,0,0,4,0,4,4,0,0,0,0,1,1,0,0,0,0,1,1,0,0,0,0,1,1,0,True,False,Increment.BUILD,Increment.MAJOR,False,False
142,broadleaf-5.0.1-GA,broadleaf-5.0.2-GA,2,6,3,369,2,2,0,4,2,2,0,2,0,288,4,0,0,0,1,26,4,0,0,1,2,53,9,0,0,0,0,0,0,0,0,1,0,1,1,0,0,0,1,21,3,0,0,0,0,0,0,0,0,0,0,0,0,0,0,0,0,1,1,0,0,0,0,1,1,0,0,0,0,0,0,0,True,False,Increment.BUILD,Increment.MAJOR,False,False
143,broadleaf-5.0.10-GA,broadleaf-5.0.10.1-GA,2,2,0,389,2,2,0,4,2,2,0,0,0,314,2,0,0,0,0,25,1,0,0,0,0,50,2,0,0,0,0,0,0,0,0,0,0,0,0,0,0,0,0,20,1,0,0,0,0,0,0,0,0,0,0,0,0,0,0,0,0,0,0,0,0,0,0,1,1,0,0,0,0,0,0,0,True,False,Increment.BUILD,Increment.MAJOR,False,False
144,broadleaf-5.0.10.1-GA,broadleaf-5.0.10.2-GA,1,0,0,358,1,0,0,1,1,0,0,0,0,296,1,0,0,0,0,21,1,0,0,0,0,42,2,0,0,0,0,0,0,0,0,0,0,0,0,0,0,0,0,18,1,0,0,0,0,0,0,0,0,0,0,0,0,0,0,0,0,0,0,0,0,0,0,1,1,0,0,0,0,0,0,0,True,False,Increment.BUILD,Increment.MAJOR,False,True
145,broadleaf-5.0.10.2-GA,broadleaf-5.0.10.3-GA,2,2,0,363,2,2,0,4,2,2,0,0,0,296,2,0,0,0,0,22,2,0,0,0,0,44,4,0,0,0,0,0,0,0,0,0,0,0,0,0,0,0,0,18,2,0,0,0,0,0,0,0,0,0,0,0,0,0,0,0,0,0,0,0,0,0,0,1,1,0,0,0,0,0,0,0,True,False,Increment.BUILD,Increment.MAJOR,False,False
146,broadleaf-5.0.10.3-GA,broadleaf-5.0.11-GA,0,306,55,698,0,122,0,122,0,122,0,133,0,397,133,0,0,6,34,63,7,0,0,40,47,134,41,3,0,2,2,4,2,0,0,1,0,3,1,0,0,2,4,27,4,0,0,0,0,0,0,0,0,4,2,6,4,0,0,0,0,1,1,0,0,0,0,1,1,0,0,0,0,1,1,0,True,False,Increment.BUILD,Increment.MAJOR,True,False
147,broadleaf-5.0.11-GA,broadleaf-5.0.12-GA,4,2,3,662,4,0,0,4,4,0,0,0,0,506,4,0,0,0,1,54,4,0,0,1,2,109,9,0,0,0,0,0,0,0,0,1,0,1,1,0,0,0,1,40,4,0,0,0,0,0,0,0,0,0,0,0,0,0,0,0,0,1,1,0,0,0,0,1,1,0,0,0,0,0,0,0,True,False,Increment.BUILD,Increment.MAJOR,False,False
148,broadleaf-5.0.12-GA,broadleaf-5.0.13-GA,5,24,0,406,5,17,0,22,5,17,0,7,0,291,12,0,0,0,0,33,6,0,0,0,0,66,12,0,0,0,0,0,0,0,0,0,0,0,0,0,0,0,0,26,4,0,0,0,0,0,0,0,0,0,0,0,0,0,0,0,0,0,0,0,0,0,0,1,1,0,0,0,0,0,0,0,True,False,Increment.BUILD,Increment.MAJOR,True,False
149,broadleaf-5.0.13-GA,broadleaf-5.0.14-GA,0,7,0,902,0,7,0,7,0,7,0,0,0,724,0,0,0,0,0,62,0,0,0,0,0,124,0,0,0,0,0,0,0,0,0,0,0,1,0,0,0,0,0,44,0,0,0,0,0,0,0,0,0,0,0,0,0,0,0,0,0,1,0,1,0,0,0,1,0,1,0,0,0,0,0,0,True,True,Increment.BUILD,Increment.MINOR,False,True
150,broadleaf-5.0.14-GA,broadleaf-5.0.15-GA,4,1,0,858,4,1,0,5,4,1,0,0,0,693,4,0,0,0,0,58,4,0,0,0,0,116,8,0,0,0,0,0,0,0,0,0,0,1,0,0,0,0,0,41,3,0,0,0,0,0,0,0,0,0,0,0,0,0,0,0,0,1,0,1,0,0,0,1,1,0,0,0,0,0,0,0,True,False,Increment.BUILD,Increment.MAJOR,False,False
151,broadleaf-5.0.15-GA,broadleaf-5.0.16-GA,0,1,0,333,0,1,0,1,0,1,0,0,0,264,0,0,0,0,0,24,0,0,0,0,0,48,0,0,0,0,0,0,0,0,0,0,0,0,0,0,0,0,0,19,0,0,0,0,0,0,0,0,0,0,0,0,0,0,0,0,0,0,0,0,0,0,0,1,0,1,0,0,0,0,0,0,True,True,Increment.BUILD,Increment.MINOR,False,True
152,broadleaf-5.0.16-GA,broadleaf-5.1.0-GA,6609,375,2488,10161,2248,99,0,2347,2248,99,2101,197,0,2758,1504,797,130,6,1564,1781,155,0,1637,63,2084,3955,266,1481,104,3,107,214,7,100,122,4,136,267,17,109,104,3,149,303,21,100,0,0,0,0,0,0,208,6,12,229,10,204,0,0,0,1,1,0,0,0,0,1,1,0,0,0,0,1,1,0,True,False,Increment.MINOR,Increment.MAJOR,True,False
153,broadleaf-5.0.2-GA,broadleaf-5.0.3-GA,3,28,0,862,3,19,0,22,3,19,0,9,0,676,12,0,0,0,0,59,3,0,0,0,0,118,6,0,0,0,0,0,0,0,0,0,0,1,0,0,0,0,0,43,3,0,0,0,0,0,0,0,0,0,0,0,0,0,0,0,0,1,0,1,0,0,0,1,1,0,0,0,0,0,0,0,True,False,Increment.BUILD,Increment.MAJOR,True,False
154,broadleaf-5.0.3-GA,broadleaf-5.0.4-GA,3,30,20,869,3,6,0,9,3,6,0,6,0,669,9,0,0,1,10,66,4,0,0,11,15,136,16,1,0,1,1,2,1,0,0,2,2,5,2,0,0,1,2,42,3,0,0,0,0,0,0,0,0,2,0,2,2,0,0,0,0,1,1,0,0,0,0,1,1,0,0,0,0,1,1,0,True,False,Increment.BUILD,Increment.MAJOR,False,False
155,broadleaf-5.0.4-GA,broadleaf-5.0.5-GA,3,62,0,434,2,42,0,44,2,42,1,20,0,312,21,0,0,0,0,27,3,0,0,0,0,54,6,0,0,0,0,0,0,0,0,0,0,0,0,0,0,0,0,23,2,0,0,0,0,0,0,0,0,0,0,0,0,0,0,0,0,0,0,0,0,0,0,1,1,0,0,0,0,0,0,0,True,False,Increment.BUILD,Increment.MAJOR,False,False
156,broadleaf-5.0.5-GA,broadleaf-5.0.6-GA,2,2,0,835,2,2,0,4,2,2,0,0,0,666,2,0,0,0,0,60,1,0,0,0,0,120,2,0,0,0,0,0,0,0,0,0,0,1,0,0,0,0,0,42,1,0,0,0,0,0,0,0,0,0,0,0,0,0,0,0,0,1,0,1,0,0,0,1,1,0,0,0,0,0,0,0,True,False,Increment.BUILD,Increment.MAJOR,False,False
157,broadleaf-5.0.6-GA,broadleaf-5.0.7-GA,18,35,5,440,15,20,0,35,15,20,3,10,0,314,16,0,0,1,4,33,5,0,0,5,5,66,13,0,0,0,0,0,0,0,0,0,0,0,0,0,0,0,0,24,3,0,0,0,0,0,0,0,0,0,0,0,0,0,0,0,0,0,0,0,0,0,0,1,1,0,0,0,0,0,0,0,True,False,Increment.BUILD,Increment.MAJOR,True,False
158,broadleaf-5.0.7-GA,broadleaf-5.0.8-GA,1,2,0,395,1,0,0,1,1,0,0,2,0,321,3,0,0,0,0,26,3,0,0,0,0,52,6,0,0,0,0,0,0,0,0,0,0,0,0,0,0,0,0,20,2,0,0,0,0,0,0,0,0,0,0,0,0,0,0,0,0,0,0,0,0,0,0,1,1,0,0,0,0,0,0,0,True,False,Increment.BUILD,Increment.MAJOR,False,False
159,broadleaf-5.0.8-GA,broadleaf-5.0.9-GA,0,1,0,376,0,1,0,1,0,1,0,0,0,312,0,0,0,0,0,22,0,0,0,0,0,44,0,0,0,0,0,0,0,0,0,0,0,0,0,0,0,0,0,18,0,0,0,0,0,0,0,0,0,0,0,0,0,0,0,0,0,0,0,0,0,0,0,1,0,1,0,0,0,0,0,0,True,True,Increment.BUILD,Increment.MINOR,False,True
160,broadleaf-5.0.9-GA,broadleaf-5.0.10-GA,4,28,5,452,3,12,0,15,3,12,1,12,0,346,14,0,0,0,4,33,6,0,0,4,5,67,16,0,0,0,0,0,0,0,0,0,0,0,0,0,0,0,0,23,5,0,0,0,0,0,0,0,0,0,0,0,0,0,0,0,0,0,0,0,0,0,0,1,1,0,0,0,0,0,0,0,True,False,Increment.BUILD,Increment.MAJOR,False,False
161,broadleaf-5.1.0-GA,broadleaf-5.1.1-GA,36,93,55,693,15,30,0,45,15,30,9,30,0,437,40,0,0,2,36,76,7,0,12,26,49,163,36,12,0,1,1,2,1,0,0,1,2,3,1,0,0,1,3,36,4,0,0,0,0,0,0,0,0,2,0,2,2,0,0,0,0,1,1,0,0,0,0,1,1,0,0,0,0,1,1,0,True,False,Increment.BUILD,Increment.MAJOR,True,False
162,broadleaf-5.1.1-GA,broadleaf-5.1.2-GA,3,2,0,390,3,2,0,5,3,2,0,0,0,320,3,0,0,0,0,23,3,0,0,0,0,46,6,0,0,0,0,0,0,0,0,0,0,0,0,0,0,0,0,18,2,0,0,0,0,0,0,0,0,0,0,0,0,0,0,0,0,0,0,0,0,0,0,1,1,0,0,0,0,0,0,0,True,False,Increment.BUILD,Increment.MAJOR,False,False
163,broadleaf-5.1.10-GA,broadleaf-5.1.10-M1,60,2,7,718,32,2,0,34,32,2,18,0,0,546,21,2,1,0,4,48,6,0,5,0,5,96,11,4,1,0,1,2,0,1,1,0,0,1,0,1,1,0,1,34,3,1,0,0,0,0,0,0,2,0,0,2,0,2,0,0,0,1,0,1,0,0,0,1,1,0,0,0,0,1,0,1,True,False,Increment.BUILD,Increment.MAJOR,False,False
164,broadleaf-5.1.10-M1,broadleaf-5.1.11-GA,0,56,7,416,0,28,0,28,0,28,0,18,0,299,18,0,0,1,4,30,1,0,0,5,5,60,5,0,0,1,1,2,1,0,0,1,0,1,1,0,0,1,1,21,1,0,0,0,0,0,0,0,0,2,0,2,2,0,0,0,0,1,1,0,0,0,0,1,1,0,0,0,0,1,1,0,True,False,Increment.BUILD,Increment.MAJOR,False,False
165,broadleaf-5.1.11-GA,broadleaf-5.1.12-GA,1,2,0,451,1,2,0,3,1,2,0,0,0,347,1,0,0,0,0,37,1,0,0,0,0,74,2,0,0,0,0,0,0,0,0,0,0,0,0,0,0,0,0,26,1,0,0,0,0,0,0,0,0,0,0,0,0,0,0,0,0,0,0,0,0,0,0,1,1,0,0,0,0,0,0,0,True,False,Increment.BUILD,Increment.MAJOR,False,False
166,broadleaf-5.1.12-GA,broadleaf-5.1.13-GA,3,2,0,618,3,2,0,5,3,2,0,0,0,490,3,0,0,0,0,45,3,0,0,0,0,90,6,0,0,0,0,0,0,0,0,0,0,0,0,0,0,0,0,32,2,0,0,0,0,0,0,0,0,0,0,0,0,0,0,0,0,0,0,0,0,0,0,1,1,0,0,0,0,0,0,0,True,False,Increment.BUILD,Increment.MAJOR,False,False
167,broadleaf-5.1.13-GA,broadleaf-5.2.0-M1,1691,720,1072,4161,711,254,0,965,711,254,558,251,0,1202,620,195,26,7,307,430,63,0,241,99,684,1189,197,209,16,6,24,60,10,12,18,32,194,268,34,16,18,6,146,220,33,14,0,0,0,0,0,0,34,12,24,84,16,30,0,0,0,1,1,0,0,0,0,1,1,0,0,0,0,1,1,0,True,False,Increment.MINOR,Increment.MAJOR,True,False
168,broadleaf-5.1.2-GA,broadleaf-5.1.3-GA,7,20,5,548,5,6,0,11,5,6,2,10,0,416,14,1,0,0,4,45,7,0,0,4,5,91,18,0,0,0,0,0,0,0,0,0,0,0,0,0,0,0,0,29,6,0,0,0,0,0,0,0,0,0,0,0,0,0,0,0,0,0,0,0,0,0,0,1,1,0,0,0,0,0,0,0,True,False,Increment.BUILD,Increment.MAJOR,False,False
169,broadleaf-5.1.3-GA,broadleaf-5.1.4-GA,2,307,55,808,2,123,0,125,2,123,0,133,0,475,135,0,0,6,34,75,9,0,0,40,47,158,45,3,0,2,2,4,2,0,0,1,0,3,1,0,0,2,4,32,5,0,0,0,0,0,0,0,0,4,2,6,4,0,0,0,0,1,1,0,0,0,0,1,1,0,0,0,0,1,1,0,True,False,Increment.BUILD,Increment.MAJOR,True,False
170,broadleaf-5.1.4-GA,broadleaf-5.1.4-PERF1,5,4,0,383,3,4,0,7,3,4,2,0,0,300,3,0,0,0,0,27,1,0,0,0,0,54,2,0,0,0,0,0,0,0,0,0,0,0,0,0,0,0,0,21,1,0,0,0,0,0,0,0,0,0,0,0,0,0,0,0,0,0,0,0,0,0,0,1,1,0,0,0,0,0,0,0,True,False,Increment.BUILD,Increment.MAJOR,False,False
171,broadleaf-5.1.4-PERF1,broadleaf-5.1.4-PERF2,2,1,0,650,2,1,0,3,2,1,0,0,0,526,2,0,0,0,0,44,2,0,0,0,0,88,4,0,0,0,0,0,0,0,0,0,0,0,0,0,0,0,0,32,2,0,0,0,0,0,0,0,0,0,0,0,0,0,0,0,0,0,0,0,0,0,0,1,1,0,0,0,0,0,0,0,True,False,Increment.BUILD,Increment.MAJOR,False,False
172,broadleaf-5.1.4-PERF2,broadleaf-5.1.5-GA,4,30,18,602,4,8,0,12,4,8,0,8,0,450,12,0,0,0,13,51,4,0,0,13,17,106,21,0,0,0,0,0,0,0,0,1,0,1,1,0,0,0,1,31,3,0,0,0,0,0,0,0,0,0,0,0,0,0,0,0,0,1,1,0,0,0,0,1,1,0,0,0,0,0,0,0,True,False,Increment.BUILD,Increment.MAJOR,False,False
173,broadleaf-5.1.5-GA,broadleaf-5.1.6-GA,0,8,0,673,0,4,0,4,0,4,0,4,0,545,4,0,0,0,0,45,2,0,0,0,0,90,4,0,0,0,0,0,0,0,0,0,0,0,0,0,0,0,0,33,1,0,0,0,0,0,0,0,0,0,0,0,0,0,0,0,0,0,0,0,0,0,0,1,1,0,0,0,0,0,0,0,True,False,Increment.BUILD,Increment.MAJOR,False,False
174,broadleaf-5.1.6-GA,broadleaf-5.1.7-GA,1,2,0,632,1,2,0,3,1,2,0,0,0,512,1,0,0,0,0,42,1,0,0,0,0,84,2,0,0,0,0,0,0,0,0,0,0,0,0,0,0,0,0,32,1,0,0,0,0,0,0,0,0,0,0,0,0,0,0,0,0,0,0,0,0,0,0,1,1,0,0,0,0,0,0,0,True,False,Increment.BUILD,Increment.MAJOR,False,False
175,broadleaf-5.1.7-GA,broadleaf-5.1.8-GA,2,63,0,411,2,50,0,52,2,50,0,13,0,289,15,0,0,0,0,25,5,0,0,0,0,50,10,0,0,0,0,0,0,0,0,0,0,0,0,0,0,0,0,19,3,0,0,0,0,0,0,0,0,0,0,0,0,0,0,0,0,0,0,0,0,0,0,1,1,0,0,0,0,0,0,0,True,False,Increment.BUILD,Increment.MAJOR,True,False
176,broadleaf-5.1.8-GA,broadleaf-5.1.9-GA,2,2,0,385,2,2,0,4,2,2,0,0,0,306,2,0,0,0,0,27,1,0,0,0,0,54,2,0,0,0,0,0,0,0,0,0,0,0,0,0,0,0,0,20,1,0,0,0,0,0,0,0,0,0,0,0,0,0,0,0,0,0,0,0,0,0,0,1,1,0,0,0,0,0,0,0,True,False,Increment.BUILD,Increment.MAJOR,False,False
177,broadleaf-5.1.9-GA,broadleaf-5.1.10-GA,2,58,7,419,2,30,0,32,2,30,0,18,0,299,20,0,0,1,4,30,3,0,0,5,5,60,9,0,0,1,1,2,1,0,0,1,0,1,1,0,0,1,1,20,3,0,0,0,0,0,0,0,0,2,0,2,2,0,0,0,0,1,1,0,0,0,0,1,1,0,0,0,0,1,1,0,True,False,Increment.BUILD,Increment.MAJOR,False,False
178,broadleaf-5.2.0-GA,broadleaf-5.2.1-GA,28,106,73,971,5,23,0,28,5,23,5,61,0,680,65,3,0,0,24,76,5,0,8,16,51,179,25,10,1,0,1,4,0,1,3,0,10,15,1,2,1,0,9,47,4,1,0,0,0,0,0,0,2,0,2,6,0,2,0,0,0,1,1,0,0,0,0,1,1,0,0,0,0,1,0,1,True,False,Increment.BUILD,Increment.MAJOR,True,False
179,broadleaf-5.2.0-M1,broadleaf-5.2.0-M2,235,142,148,1026,88,38,0,126,88,38,94,39,0,517,103,30,3,2,68,112,9,0,34,39,111,255,55,36,4,3,7,17,3,4,3,3,8,18,3,3,4,3,20,54,9,4,0,0,0,0,0,0,8,6,2,19,6,8,0,0,0,1,1,0,0,0,0,1,1,0,0,0,0,1,1,0,True,False,Increment.BUILD,Increment.MAJOR,False,False
180,broadleaf-5.2.0-M2,broadleaf-5.2.0-RC1,10,30,5,661,9,18,0,27,9,18,1,8,0,498,17,0,0,0,4,51,10,0,0,4,5,103,24,0,0,0,0,0,0,0,0,0,0,0,0,0,0,0,0,32,6,0,0,0,0,0,0,0,0,0,0,0,0,0,0,0,0,0,0,0,0,0,0,1,1,0,0,0,0,0,0,0,True,False,Increment.BUILD,Increment.MAJOR,False,False
181,broadleaf-5.2.0-RC1,broadleaf-5.2.0-RC2,2027,15,1084,3744,442,7,0,449,442,7,635,6,0,1140,401,252,36,0,701,778,46,0,736,1,933,1752,63,694,34,0,34,69,0,34,40,1,76,121,1,40,34,0,41,102,5,34,0,0,0,0,0,0,68,0,0,69,0,68,0,0,0,1,1,0,0,0,0,1,1,0,0,0,0,1,0,1,True,False,Increment.BUILD,Increment.MAJOR,False,False
182,broadleaf-5.2.0-RC2,broadleaf-5.2.0-GA,15,243,88,969,10,95,0,105,10,95,0,105,0,608,113,0,0,2,22,66,9,0,1,23,56,163,31,8,0,2,2,5,2,0,0,3,6,11,3,0,0,2,16,48,7,0,0,0,0,0,0,0,0,4,8,13,4,0,0,0,0,1,1,0,0,0,0,1,1,0,0,0,0,1,1,0,True,False,Increment.BUILD,Increment.MAJOR,True,False
183,broadleaf-5.2.1-GA,broadleaf-5.2.2-GA,4,8,0,788,4,8,0,12,4,8,0,0,0,642,4,0,0,0,0,49,2,0,0,0,0,98,4,0,0,0,0,0,0,0,0,0,0,0,0,0,0,0,0,35,2,0,0,0,0,0,0,0,0,0,0,0,0,0,0,0,0,0,0,0,0,0,0,1,1,0,0,0,0,0,0,0,True,False,Increment.BUILD,Increment.MAJOR,False,False
184,broadleaf-5.2.2-GA,broadleaf-5.2.3-M1,8,52,0,734,8,40,0,48,8,40,0,12,0,569,20,0,0,0,0,43,8,0,0,0,0,86,16,0,0,0,0,0,0,0,0,0,0,0,0,0,0,0,0,30,4,0,0,0,0,0,0,0,0,0,0,0,0,0,0,0,0,0,0,0,0,0,0,1,1,0,0,0,0,0,0,0,True,False,Increment.BUILD,Increment.MAJOR,False,False
185,broadleaf-5.2.3-GA,broadleaf-5.2.4-M1,10,3,0,668,10,3,0,13,10,3,0,0,0,547,8,0,0,0,0,39,8,0,0,0,0,78,16,0,0,0,0,0,0,0,0,0,0,0,0,0,0,0,0,29,5,0,0,0,0,0,0,0,0,0,0,0,0,0,0,0,0,0,0,0,0,0,0,1,1,0,0,0,0,0,0,0,True,False,Increment.BUILD,Increment.MAJOR,False,False
186,broadleaf-5.2.3-M1,broadleaf-5.2.3-M2,4,26,0,622,4,12,0,16,4,12,0,14,0,480,16,0,0,0,0,46,7,0,0,0,0,92,14,0,0,0,0,0,0,0,0,0,0,0,0,0,0,0,0,33,4,0,0,0,0,0,0,0,0,0,0,0,0,0,0,0,0,0,0,0,0,0,0,1,1,0,0,0,0,0,0,0,True,False,Increment.BUILD,Increment.MAJOR,False,False
187,broadleaf-5.2.3-M2,broadleaf-5.2.3-M3,1,5,6,548,1,1,0,2,1,1,0,0,0,436,1,0,0,0,2,38,1,0,0,2,4,78,4,0,0,0,0,0,0,0,0,2,0,2,2,0,0,0,2,28,1,0,0,0,0,0,0,0,0,0,0,0,0,0,0,0,0,1,1,0,0,0,0,1,1,0,0,0,0,0,0,0,True,False,Increment.BUILD,Increment.MAJOR,False,False
188,broadleaf-5.2.3-M3,broadleaf-5.2.3-M4,5,6,0,565,5,6,0,11,5,6,0,0,0,458,5,0,0,0,0,35,5,0,0,0,0,70,10,0,0,0,0,0,0,0,0,0,0,0,0,0,0,0,0,25,3,0,0,0,0,0,0,0,0,0,0,0,0,0,0,0,0,0,0,0,0,0,0,1,1,0,0,0,0,0,0,0,True,False,Increment.BUILD,Increment.MAJOR,False,False
189,broadleaf-5.2.3-M4,broadleaf-5.2.3-M5,1,5,0,594,1,5,0,6,1,5,0,0,0,483,1,0,0,0,0,38,1,0,0,0,0,76,2,0,0,0,0,0,0,0,0,0,0,0,0,0,0,0,0,28,1,0,0,0,0,0,0,0,0,0,0,0,0,0,0,0,0,0,0,0,0,0,0,1,1,0,0,0,0,0,0,0,True,False,Increment.BUILD,Increment.MAJOR,False,False
190,broadleaf-5.2.3-M5,broadleaf-5.2.3-M6,2,1,0,682,2,1,0,3,2,1,0,0,0,559,2,0,0,0,0,44,1,0,0,0,0,88,2,0,0,0,0,0,0,0,0,0,0,0,0,0,0,0,0,31,1,0,0,0,0,0,0,0,0,0,0,0,0,0,0,0,0,0,0,0,0,0,0,1,1,0,0,0,0,0,0,0,True,False,Increment.BUILD,Increment.MAJOR,False,False
191,broadleaf-5.2.3-M6,broadleaf-5.2.3-M7,9,3,0,576,9,3,0,12,9,3,0,0,0,463,7,0,0,0,0,37,5,0,0,0,0,74,10,0,0,0,0,0,0,0,0,0,0,0,0,0,0,0,0,26,3,0,0,0,0,0,0,0,0,0,0,0,0,0,0,0,0,0,0,0,0,0,0,1,1,0,0,0,0,0,0,0,True,False,Increment.BUILD,Increment.MAJOR,False,False
192,broadleaf-5.2.3-M7,broadleaf-5.2.3-GA,0,12,0,687,0,12,0,12,0,12,0,0,0,554,0,0,0,0,0,44,0,0,0,0,0,88,0,0,0,0,0,0,0,0,0,0,0,0,0,0,0,0,0,32,0,0,0,0,0,0,0,0,0,0,0,0,0,0,0,0,0,0,0,0,0,0,0,1,0,1,0,0,0,0,0,0,True,True,Increment.BUILD,Increment.MINOR,False,True
193,broadleaf-5.2.4-GA,broadleaf-5.2.5-M1,9,6,0,721,9,6,0,15,9,6,0,0,0,591,9,0,0,0,0,42,8,0,0,0,0,84,16,0,0,0,0,0,0,0,0,0,0,0,0,0,0,0,0,30,5,0,0,0,0,0,0,0,0,0,0,0,0,0,0,0,0,0,0,0,0,0,0,1,1,0,0,0,0,0,0,0,True,False,Increment.BUILD,Increment.MAJOR,False,False
194,broadleaf-5.2.4-M1,broadleaf-5.2.4-M2,5,8,0,553,5,8,0,13,5,8,0,0,0,440,5,0,0,0,0,36,5,0,0,0,0,72,10,0,0,0,0,0,0,0,0,0,0,0,0,0,0,0,0,27,3,0,0,0,0,0,0,0,0,0,0,0,0,0,0,0,0,0,0,0,0,0,0,1,1,0,0,0,0,0,0,0,True,False,Increment.BUILD,Increment.MAJOR,False,False
195,broadleaf-5.2.4-M2,broadleaf-5.2.4-M3,5,0,0,578,5,0,0,5,5,0,0,0,0,470,3,0,0,0,0,37,3,0,0,0,0,74,6,0,0,0,0,0,0,0,0,0,0,0,0,0,0,0,0,28,2,0,0,0,0,0,0,0,0,0,0,0,0,0,0,0,0,0,0,0,0,0,0,1,1,0,0,0,0,0,0,0,True,False,Increment.BUILD,Increment.MAJOR,False,True
196,broadleaf-5.2.4-M3,broadleaf-5.2.4-GA,0,27,0,625,0,15,0,15,0,15,0,12,0,495,12,0,0,0,0,42,4,0,0,0,0,84,8,0,0,0,0,0,0,0,0,0,0,0,0,0,0,0,0,30,2,0,0,0,0,0,0,0,0,0,0,0,0,0,0,0,0,0,0,0,0,0,0,1,1,0,0,0,0,0,0,0,True,False,Increment.BUILD,Increment.MAJOR,False,False
197,broadleaf-5.2.5-GA,broadleaf-5.2.6-GA,7,4,0,700,7,4,0,11,7,4,0,0,0,572,7,0,0,0,0,43,7,0,0,0,0,86,14,0,0,0,0,0,0,0,0,0,0,0,0,0,0,0,0,30,5,0,0,0,0,0,0,0,0,0,0,0,0,0,0,0,0,0,0,0,0,0,0,1,1,0,0,0,0,0,0,0,True,False,Increment.BUILD,Increment.MAJOR,False,False
198,broadleaf-5.2.5-M1,broadleaf-5.2.5-M2,9,11,0,697,9,11,0,20,9,11,0,0,0,558,7,0,0,0,0,43,5,0,0,0,0,86,10,0,0,0,0,0,0,0,0,0,0,0,0,0,0,0,0,32,3,0,0,0,0,0,0,0,0,0,0,0,0,0,0,0,0,0,0,0,0,0,0,1,1,0,0,0,0,0,0,0,True,False,Increment.BUILD,Increment.MAJOR,False,False
199,broadleaf-5.2.5-M2,broadleaf-5.2.5-M3,13,8,9,700,13,4,0,17,13,4,0,0,0,559,13,0,0,0,2,42,9,0,0,2,6,88,20,0,0,0,0,0,0,0,0,1,2,3,1,0,0,0,1,30,5,0,0,0,0,0,0,0,0,0,0,0,0,0,0,0,0,1,1,0,0,0,0,1,1,0,0,0,0,0,0,0,True,False,Increment.BUILD,Increment.MAJOR,True,False
200,broadleaf-5.2.5-M3,broadleaf-5.2.5-M4,0,7,0,720,0,7,0,7,0,7,0,0,0,588,0,0,0,0,0,46,0,0,0,0,0,92,0,0,0,0,0,0,0,0,0,0,0,0,0,0,0,0,0,32,0,0,0,0,0,0,0,0,0,0,0,0,0,0,0,0,0,0,0,0,0,0,0,1,0,1,0,0,0,0,0,0,True,True,Increment.BUILD,Increment.MINOR,False,True
201,broadleaf-5.2.5-M4,broadleaf-5.2.5-M5,2,24,20,595,2,5,0,7,2,5,0,3,0,447,5,0,0,0,16,53,2,0,0,16,20,110,20,0,0,0,0,0,0,0,0,0,0,0,0,0,0,0,0,30,1,0,0,0,0,0,0,0,0,0,0,0,0,0,0,0,0,0,0,0,0,0,0,1,1,0,0,0,0,0,0,0,True,False,Increment.BUILD,Increment.MAJOR,True,False
202,broadleaf-5.2.5-M5,broadleaf-5.2.5-GA,4,170,64,900,4,38,0,42,4,38,0,68,0,618,72,0,0,6,48,94,10,0,0,54,60,194,62,0,0,2,2,4,2,0,0,2,0,2,2,0,0,2,2,33,4,0,0,0,0,0,0,0,0,4,0,4,4,0,0,0,0,1,1,0,0,0,0,1,1,0,0,0,0,1,1,0,True,False,Increment.BUILD,Increment.MAJOR,False,False
203,broadleaf-5.2.6-GA,broadleaf-5.2.7-GA,6,18,0,866,6,17,0,23,6,17,0,1,0,695,7,0,0,0,0,55,7,0,0,0,0,110,14,0,0,0,0,0,0,0,0,0,0,0,0,0,0,0,0,37,5,0,0,0,0,0,0,0,0,0,0,0,0,0,0,0,0,0,0,0,0,0,0,1,1,0,0,0,0,0,0,0,True,False,Increment.BUILD,Increment.MAJOR,True,False
204,broadleaf-5.2.7-GA,broadleaf-5.3.0-M1,258,75,99,1309,72,19,0,91,72,19,98,56,0,820,124,46,6,0,68,152,43,0,74,0,90,320,81,68,2,0,2,4,0,2,5,0,2,7,0,5,2,0,5,59,19,2,0,0,0,0,0,0,4,0,0,4,0,4,0,0,0,1,0,1,0,0,0,1,1,0,0,0,0,1,0,1,True,False,Increment.MINOR,Increment.MAJOR,False,False
205,broadleaf-5.3.0-M1,broadleaf-5.3.0-M2,8,16,0,723,8,12,0,20,8,12,0,4,0,581,12,0,0,0,0,45,8,0,0,0,0,90,16,0,0,0,0,0,0,0,0,0,0,0,0,0,0,0,0,31,4,0,0,0,0,0,0,0,0,0,0,0,0,0,0,0,0,0,0,0,0,0,0,1,1,0,0,0,0,0,0,0,True,False,Increment.BUILD,Increment.MAJOR,False,False
206,broadleaf-5.3.0-M10,broadleaf-5.3.0-M11,6,291,96,1099,6,108,0,114,6,108,0,97,0,657,103,0,0,6,67,125,16,0,0,73,88,265,93,0,0,2,2,4,2,0,0,4,2,6,4,0,0,2,4,45,7,0,0,0,0,0,0,0,0,4,0,4,4,0,0,0,0,1,1,0,0,0,0,1,1,0,0,0,0,1,1,0,True,False,Increment.BUILD,Increment.MAJOR,False,False
207,broadleaf-5.3.0-M11,broadleaf-5.3.0-M12,2,6,0,596,2,6,0,8,2,6,0,0,0,489,2,0,0,0,0,36,2,0,0,0,0,72,4,0,0,0,0,0,0,0,0,0,0,0,0,0,0,0,0,26,1,0,0,0,0,0,0,0,0,0,0,0,0,0,0,0,0,0,0,0,0,0,0,1,1,0,0,0,0,0,0,0,True,False,Increment.BUILD,Increment.MAJOR,False,False
208,broadleaf-5.3.0-M12,broadleaf-6.0.0-M1,773,99,246,1971,203,56,0,259,203,56,375,36,0,1015,198,226,16,0,133,242,33,0,144,5,201,533,72,115,7,0,8,16,1,6,9,0,10,19,2,7,7,0,19,87,16,6,0,0,0,0,0,0,15,1,8,25,2,14,0,0,0,1,1,0,0,0,0,1,1,0,0,0,0,1,1,0,True,False,Increment.MINOR,Increment.MAJOR,False,False
209,broadleaf-5.3.0-M2,broadleaf-5.3.0-M3,7,28,6,612,7,10,0,17,7,10,0,14,0,470,19,0,0,0,2,44,10,0,0,2,4,90,22,0,0,0,0,0,0,0,0,2,0,2,2,0,0,0,2,31,6,0,0,0,0,0,0,0,0,0,0,0,0,0,0,0,0,1,1,0,0,0,0,1,1,0,0,0,0,0,0,0,True,False,Increment.BUILD,Increment.MAJOR,False,False
210,broadleaf-5.3.0-M3,broadleaf-5.3.0-M4,1,5,0,540,1,5,0,6,1,5,0,0,0,434,1,0,0,0,0,36,1,0,0,0,0,72,2,0,0,0,0,0,0,0,0,0,0,0,0,0,0,0,0,27,1,0,0,0,0,0,0,0,0,0,0,0,0,0,0,0,0,0,0,0,0,0,0,1,1,0,0,0,0,0,0,0,True,False,Increment.BUILD,Increment.MAJOR,False,False
211,broadleaf-5.3.0-M4,broadleaf-5.3.0-M5,5,14,0,626,5,4,0,9,5,4,0,10,0,492,15,0,0,0,0,46,9,0,0,0,0,92,18,0,0,0,0,0,0,0,0,0,0,0,0,0,0,0,0,32,5,0,0,0,0,0,0,0,0,0,0,0,0,0,0,0,0,0,0,0,0,0,0,1,1,0,0,0,0,0,0,0,True,False,Increment.BUILD,Increment.MAJOR,False,False
212,broadleaf-5.3.0-M5,broadleaf-5.3.0-M6,7,117,27,848,7,32,0,39,7,32,0,58,0,624,65,0,0,2,20,70,13,0,0,22,25,143,44,0,0,1,1,2,1,0,0,1,0,1,1,0,0,1,1,34,7,0,0,0,0,0,0,0,0,2,0,2,2,0,0,0,0,1,1,0,0,0,0,1,1,0,0,0,0,1,1,0,True,False,Increment.BUILD,Increment.MAJOR,True,False
213,broadleaf-5.3.0-M6,broadleaf-5.3.0-M7,1,3,0,563,1,3,0,4,1,3,0,0,0,458,1,0,0,0,0,37,1,0,0,0,0,74,2,0,0,0,0,0,0,0,0,0,0,0,0,0,0,0,0,26,1,0,0,0,0,0,0,0,0,0,0,0,0,0,0,0,0,0,0,0,0,0,0,1,1,0,0,0,0,0,0,0,True,False,Increment.BUILD,Increment.MAJOR,False,False
214,broadleaf-5.3.0-M7,broadleaf-5.3.0-M8,4,9,0,717,4,9,0,13,4,9,0,0,0,588,4,0,0,0,0,42,4,0,0,0,0,84,8,0,0,0,0,0,0,0,0,0,0,0,0,0,0,0,0,31,2,0,0,0,0,0,0,0,0,0,0,0,0,0,0,0,0,0,0,0,0,0,0,1,1,0,0,0,0,0,0,0,True,False,Increment.BUILD,Increment.MAJOR,False,False
215,broadleaf-5.3.0-M8,broadleaf-5.3.0-M9,8,9,0,697,8,9,0,17,8,9,0,0,0,577,6,0,0,0,0,37,4,0,0,0,0,74,8,0,0,0,0,0,0,0,0,0,0,0,0,0,0,0,0,28,3,0,0,0,0,0,0,0,0,0,0,0,0,0,0,0,0,0,0,0,0,0,0,1,1,0,0,0,0,0,0,0,True,False,Increment.BUILD,Increment.MAJOR,False,False
216,broadleaf-5.3.0-M9,broadleaf-5.3.0-M10,10,3,0,739,10,3,0,13,10,3,0,0,0,591,10,0,0,0,0,50,8,0,0,0,0,100,16,0,0,0,0,0,0,0,0,0,0,0,0,0,0,0,0,34,5,0,0,0,0,0,0,0,0,0,0,0,0,0,0,0,0,0,0,0,0,0,0,1,1,0,0,0,0,0,0,0,True,False,Increment.BUILD,Increment.MAJOR,False,False
217,broadleaf-6.0.0-M1,broadleaf-6.0.0-M2,3,201,84,801,3,47,0,50,3,47,0,74,0,494,77,0,0,6,64,102,8,0,0,70,80,214,74,0,0,2,2,4,2,0,0,2,0,2,2,0,0,2,2,30,4,0,0,0,0,0,0,0,0,4,0,4,4,0,0,0,0,1,1,0,0,0,0,1,1,0,0,0,0,1,1,0,True,False,Increment.BUILD,Increment.MAJOR,False,False
218,broadleaf-6.0.0-M2,broadleaf-6.0.0-M3,6,10,0,629,6,10,0,16,6,10,0,0,0,499,6,0,0,0,0,42,6,0,0,0,0,84,12,0,0,0,0,0,0,0,0,0,0,0,0,0,0,0,0,29,3,0,0,0,0,0,0,0,0,0,0,0,0,0,0,0,0,0,0,0,0,0,0,1,1,0,0,0,0,0,0,0,True,False,Increment.BUILD,Increment.MAJOR,False,False
219,broadleaf-6.0.0-M3,broadleaf-6.0.0-M4,6,0,0,621,6,0,0,6,6,0,0,0,0,512,6,0,0,0,0,38,4,0,0,0,0,76,8,0,0,0,0,0,0,0,0,0,0,0,0,0,0,0,0,26,3,0,0,0,0,0,0,0,0,0,0,0,0,0,0,0,0,0,0,0,0,0,0,1,1,0,0,0,0,0,0,0,True,False,Increment.BUILD,Increment.MAJOR,False,True
220,broadleaf-6.0.0-M4,broadleaf-6.0.0-M5,2,9,0,509,2,7,0,9,2,7,0,2,0,407,3,0,0,0,0,34,2,0,0,0,0,68,4,0,0,0,0,0,0,0,0,0,0,0,0,0,0,0,0,24,2,0,0,0,0,0,0,0,0,0,0,0,0,0,0,0,0,0,0,0,0,0,0,1,1,0,0,0,0,0,0,0,True,False,Increment.BUILD,Increment.MAJOR,False,False
